class,A,C,D,E,F,G,H,I,K,L,M,N,P,Q,R,S,T,V,W,Y,alphatic,aromatic,postivecharge,negativecharge,uncharge,Cornette_A,Cornette_C,Cornette_D,Cornette_E,Cornette_F,Cornette_G,Cornette_H,Cornette_I,Cornette_K,Cornette_L,Cornette_M,Cornette_N,Cornette_P,Cornette_Q,Cornette_R,Cornette_S,Cornette_T,Cornette_V,Cornette_W,Cornette_Y,Eisenberg_A,Eisenberg_C,Eisenberg_D,Eisenberg_E,Eisenberg_F,Eisenberg_G,Eisenberg_H,Eisenberg_I,Eisenberg_K,Eisenberg_L,Eisenberg_M,Eisenberg_N,Eisenberg_P,Eisenberg_Q,Eisenberg_R,Eisenberg_S,Eisenberg_T,Eisenberg_V,Eisenberg_W,Eisenberg_Y,Engelman_GES_A,Engelman_GES_C,Engelman_GES_D,Engelman_GES_E,Engelman_GES_F,Engelman_GES_G,Engelman_GES_H,Engelman_GES_I,Engelman_GES_K,Engelman_GES_L,Engelman_GES_M,Engelman_GES_N,Engelman_GES_P,Engelman_GES_Q,Engelman_GES_R,Engelman_GES_S,Engelman_GES_T,Engelman_GES_V,Engelman_GES_W,Engelman_GES_Y,Hopp_Woods_A,Hopp_Woods_C,Hopp_Woods_D,Hopp_Woods_E,Hopp_Woods_F,Hopp_Woods_G,Hopp_Woods_H,Hopp_Woods_I,Hopp_Woods_K,Hopp_Woods_L,Hopp_Woods_M,Hopp_Woods_N,Hopp_Woods_P,Hopp_Woods_Q,Hopp_Woods_R,Hopp_Woods_S,Hopp_Woods_T,Hopp_Woods_V,Hopp_Woods_W,Hopp_Woods_Y,Janin_A,Janin_C,Janin_D,Janin_E,Janin_F,Janin_G,Janin_H,Janin_I,Janin_K,Janin_L,Janin_M,Janin_N,Janin_P,Janin_Q,Janin_R,Janin_S,Janin_T,Janin_V,Janin_W,Janin_Y,Kyte_Doolittle_A,Kyte_Doolittle_C,Kyte_Doolittle_D,Kyte_Doolittle_E,Kyte_Doolittle_F,Kyte_Doolittle_G,Kyte_Doolittle_H,Kyte_Doolittle_I,Kyte_Doolittle_K,Kyte_Doolittle_L,Kyte_Doolittle_M,Kyte_Doolittle_N,Kyte_Doolittle_P,Kyte_Doolittle_Q,Kyte_Doolittle_R,Kyte_Doolittle_S,Kyte_Doolittle_T,Kyte_Doolittle_V,Kyte_Doolittle_W,Kyte_Doolittle_Y,Rose_A,Rose_C,Rose_D,Rose_E,Rose_F,Rose_G,Rose_H,Rose_I,Rose_K,Rose_L,Rose_M,Rose_N,Rose_P,Rose_Q,Rose_R,Rose_S,Rose_T,Rose_V,Rose_W,Rose_Y,hydrophobicity,moderate,hydrophily,positve,neutral,negative,polar,nonpolar,basic_polar,acidic_polar,aliphatic,aromatic,heterocyclics
0,0.066666667,0.008333333,0.066666667,0.083333333,0.041666667,0.083333333,0.025,0.041666667,0.075,0.075,0.05,0.025,0.033333333,0.016666667,0.091666667,0.083333333,0.066666667,0.041666667,0,0.025,0.358333333,0.066666667,0.191666667,0.15,0.233333333,0.01,0.03,-0.21,-0.15,0.18,0,0.01,0.2,-0.23,0.43,0.21,-0.01,-0.07,-0.05,0.13,-0.04,-0.13,0.2,0,0.08,0.04,0,-0.06,-0.06,0.05,0.04,-0.01,0.06,-0.11,0.08,0.03,-0.02,0,-0.01,-0.23,-0.02,0,0.04,0,0.01,0.11,0.02,-0.61,-0.68,0.15,0.08,-0.08,0.13,-0.66,0.21,0.17,-0.12,-0.01,-0.07,-1.13,0.05,0.08,0.11,0,-0.02,-0.03,-0.01,0.2,0.25,-0.1,0,-0.01,-0.08,0.22,-0.14,-0.06,0.01,0,0,0.27,0.02,-0.03,-0.06,0,-0.06,0.02,0.01,-0.04,-0.06,0.02,0.02,0,0.03,-0.14,0.04,0.02,-0.01,-0.01,-0.01,-0.13,-0.01,-0.01,0.02,0,-0.01,0.12,0.02,-0.23,-0.29,0.12,-0.03,-0.08,0.19,-0.29,0.28,0.1,-0.09,-0.05,-0.06,-0.41,-0.07,-0.05,0.18,0,-0.03,0.05,0.01,0.04,0.05,0.04,0.06,0.02,0.04,0.04,0.06,0.04,0.02,0.02,0.01,0.06,0.06,0.05,0.04,0,0.02,0.35,0.28,0.38,0.17,0.68,0.15,0.22,0.44,0.19,0.15,0.88,0.07,0.06
0,0.071428571,0.015873016,0.087301587,0.063492063,0.03968254,0.047619048,0.03968254,0.03968254,0.079365079,0.103174603,0.03968254,0.03968254,0.031746032,0.031746032,0.087301587,0.047619048,0.063492063,0.03968254,0,0.031746032,0.341269841,0.071428571,0.206349206,0.150793651,0.23015873,0.01,0.07,-0.27,-0.11,0.17,0,0.02,0.19,-0.25,0.59,0.17,-0.02,-0.07,-0.09,0.12,-0.02,-0.12,0.19,0,0.1,0.04,0,-0.08,-0.05,0.05,0.02,-0.02,0.05,-0.12,0.11,0.03,-0.03,0,-0.03,-0.22,-0.01,0,0.04,0,0.01,0.11,0.03,-0.8,-0.52,0.15,0.05,-0.12,0.12,-0.7,0.29,0.13,-0.19,-0.01,-0.13,-1.07,0.03,0.08,0.1,0,-0.02,-0.04,-0.02,0.26,0.19,-0.1,0,-0.02,-0.07,0.24,-0.19,-0.05,0.01,0,0.01,0.26,0.01,-0.03,-0.06,0,-0.07,0.02,0.01,-0.05,-0.04,0.02,0.01,0,0.03,-0.14,0.05,0.02,-0.02,-0.01,-0.02,-0.12,0,-0.01,0.02,0,-0.01,0.13,0.04,-0.31,-0.22,0.11,-0.02,-0.13,0.18,-0.31,0.39,0.08,-0.14,-0.05,-0.11,-0.39,-0.04,-0.04,0.17,0,-0.04,0.05,0.01,0.05,0.04,0.03,0.03,0.03,0.03,0.04,0.09,0.03,0.02,0.02,0.02,0.06,0.03,0.04,0.03,0,0.02,0.38,0.23,0.39,0.17,0.68,0.15,0.21,0.43,0.21,0.15,0.86,0.07,0.07
0,0.058823529,0.019607843,0.019607843,0.078431373,0.009803922,0.029411765,0,0.049019608,0.117647059,0.107843137,0.039215686,0.049019608,0.029411765,0.068627451,0.107843137,0.068627451,0.029411765,0.107843137,0,0.009803922,0.392156863,0.019607843,0.225490196,0.098039216,0.264705882,0.01,0.08,-0.06,-0.14,0.04,0,0,0.24,-0.36,0.61,0.16,-0.02,-0.06,-0.19,0.15,-0.03,-0.06,0.51,0,0.03,0.04,0.01,-0.02,-0.06,0.01,0.01,0,0.07,-0.18,0.11,0.03,-0.04,0,-0.06,-0.27,-0.01,0,0.12,0,0,0.09,0.04,-0.18,-0.64,0.04,0.03,0,0.15,-1.04,0.3,0.13,-0.24,-0.01,-0.28,-1.33,0.04,0.04,0.28,0,-0.01,-0.03,-0.02,0.06,0.24,-0.02,0,0,-0.09,0.35,-0.19,-0.05,0.01,0,0.01,0.32,0.02,-0.01,-0.16,0,-0.02,0.02,0.02,-0.01,-0.05,0,0.01,0,0.03,-0.21,0.05,0.02,-0.02,-0.01,-0.05,-0.15,-0.01,-0.01,0.06,0,0,0.11,0.05,-0.07,-0.27,0.03,-0.01,0,0.22,-0.46,0.41,0.07,-0.17,-0.05,-0.24,-0.49,-0.05,-0.02,0.45,0,-0.01,0.04,0.02,0.01,0.05,0.01,0.02,0,0.04,0.06,0.09,0.03,0.03,0.02,0.04,0.07,0.05,0.02,0.09,0,0.01,0.4,0.2,0.4,0.23,0.68,0.1,0.23,0.45,0.23,0.1,0.95,0.02,0.03
0,0.105263158,0.031578947,0.021052632,0.084210526,0,0.042105263,0,0.021052632,0.084210526,0.136842105,0.031578947,0.063157895,0.052631579,0.073684211,0.126315789,0.052631579,0,0.063157895,0,0.010526316,0.4,0.010526316,0.210526316,0.105263158,0.273684211,0.02,0.13,-0.07,-0.15,0,0,0,0.1,-0.26,0.78,0.13,-0.03,-0.12,-0.21,0.18,-0.03,0,0.3,0,0.03,0.07,0.01,-0.02,-0.06,0,0.02,0,0.03,-0.13,0.15,0.02,-0.05,0.01,-0.06,-0.32,-0.01,0,0.07,0,0,0.17,0.06,-0.19,-0.69,0,0.04,0,0.07,-0.74,0.38,0.11,-0.3,-0.01,-0.3,-1.55,0.03,0,0.16,0,-0.01,-0.05,-0.03,0.06,0.25,0,0,0,-0.04,0.25,-0.25,-0.04,0.01,0,0.01,0.38,0.02,0,-0.09,0,-0.02,0.03,0.03,-0.01,-0.06,0,0.01,0,0.01,-0.15,0.07,0.01,-0.03,-0.02,-0.05,-0.18,-0.01,0,0.04,0,0,0.19,0.08,-0.07,-0.29,0,-0.02,0,0.09,-0.33,0.52,0.06,-0.22,-0.08,-0.26,-0.57,-0.04,0,0.27,0,-0.01,0.08,0.03,0.01,0.05,0,0.03,0,0.02,0.04,0.12,0.03,0.04,0.03,0.05,0.08,0.03,0,0.05,0,0.01,0.4,0.17,0.43,0.21,0.68,0.11,0.2,0.48,0.21,0.11,0.94,0.01,0.05
0,0.052173913,0.017391304,0.034782609,0.086956522,0.008695652,0.052173913,0.043478261,0.060869565,0.104347826,0.147826087,0.017391304,0.026086957,0.026086957,0.07826087,0.069565217,0.052173913,0.052173913,0.043478261,0,0.026086957,0.373913043,0.034782609,0.217391304,0.12173913,0.252173913,0.01,0.07,-0.11,-0.16,0.04,0,0.02,0.29,-0.32,0.84,0.07,-0.01,-0.06,-0.22,0.1,-0.03,-0.1,0.2,0,0.08,0.03,0.01,-0.03,-0.06,0.01,0.03,-0.02,0.08,-0.16,0.16,0.01,-0.02,0,-0.07,-0.18,-0.01,0,0.05,0,0.01,0.08,0.03,-0.32,-0.71,0.03,0.05,-0.13,0.19,-0.92,0.41,0.06,-0.13,-0.01,-0.32,-0.86,0.03,0.06,0.11,0,-0.02,-0.03,-0.02,0.1,0.26,-0.02,0,-0.02,-0.11,0.31,-0.27,-0.02,0.01,0,0.02,0.21,0.02,-0.02,-0.07,0,-0.06,0.02,0.02,-0.02,-0.06,0,0.02,0,0.04,-0.19,0.07,0.01,-0.01,-0.01,-0.05,-0.1,-0.01,-0.01,0.03,0,-0.01,0.09,0.04,-0.12,-0.3,0.02,-0.02,-0.14,0.27,-0.41,0.56,0.03,-0.09,-0.04,-0.27,-0.31,-0.04,-0.04,0.18,0,-0.03,0.04,0.02,0.02,0.05,0.01,0.04,0.03,0.05,0.05,0.13,0.01,0.02,0.02,0.05,0.04,0.03,0.04,0.04,0,0.02,0.37,0.28,0.35,0.17,0.7,0.12,0.23,0.43,0.22,0.12,0.9,0.03,0.07
0,0.057377049,0.024590164,0.057377049,0.06557377,0.016393443,0.024590164,0.049180328,0.049180328,0.12295082,0.163934426,0.016393443,0.016393443,0.032786885,0.06557377,0.057377049,0.057377049,0.06557377,0.024590164,0,0.032786885,0.336065574,0.049180328,0.229508197,0.12295082,0.262295082,0.01,0.1,-0.18,-0.12,0.07,0,0.02,0.24,-0.38,0.93,0.07,-0.01,-0.07,-0.18,0.08,-0.03,-0.12,0.12,0,0.1,0.04,0.01,-0.05,-0.05,0.02,0.01,-0.02,0.07,-0.18,0.17,0.01,-0.01,0,-0.06,-0.15,-0.01,0,0.03,0,0.01,0.09,0.05,-0.53,-0.54,0.06,0.02,-0.15,0.15,-1.08,0.46,0.06,-0.08,-0.01,-0.27,-0.71,0.03,0.08,0.06,0,-0.02,-0.03,-0.02,0.17,0.2,-0.04,0,-0.02,-0.09,0.37,-0.3,-0.02,0,0,0.01,0.17,0.02,-0.03,-0.04,0,-0.08,0.02,0.02,-0.03,-0.05,0.01,0.01,0,0.03,-0.22,0.08,0.01,-0.01,-0.01,-0.05,-0.08,-0.01,-0.01,0.01,0,-0.01,0.1,0.06,-0.2,-0.23,0.05,-0.01,-0.16,0.22,-0.48,0.62,0.03,-0.06,-0.05,-0.23,-0.26,-0.05,-0.05,0.1,0,-0.04,0.04,0.02,0.04,0.04,0.01,0.02,0.04,0.04,0.06,0.14,0.01,0.01,0.02,0.04,0.04,0.04,0.05,0.02,0,0.02,0.39,0.26,0.35,0.18,0.7,0.12,0.24,0.41,0.23,0.12,0.87,0.05,0.08
0,0.117647059,0.025210084,0.033613445,0.084033613,0,0.025210084,0.008403361,0.033613445,0.084033613,0.075630252,0.016806723,0.042016807,0.050420168,0.084033613,0.075630252,0.050420168,0.067226891,0.092436975,0,0.033613445,0.361344538,0.033613445,0.168067227,0.117647059,0.319327731,0.02,0.1,-0.1,-0.15,0,0,0,0.16,-0.26,0.43,0.07,-0.02,-0.11,-0.24,0.11,-0.03,-0.13,0.43,0,0.11,0.07,0.01,-0.03,-0.06,0,0.01,0,0.05,-0.13,0.08,0.01,-0.03,0.01,-0.07,-0.19,-0.01,0,0.1,0,0.01,0.19,0.05,-0.31,-0.69,0,0.03,-0.03,0.1,-0.74,0.21,0.06,-0.2,-0.01,-0.34,-0.93,0.03,0.08,0.24,0,-0.02,-0.06,-0.03,0.1,0.25,0,0,0,-0.06,0.25,-0.14,-0.02,0.01,0,0.02,0.23,0.02,-0.03,-0.14,0,-0.08,0.04,0.02,-0.02,-0.06,0,0.01,0,0.02,-0.15,0.04,0.01,-0.02,-0.02,-0.06,-0.11,-0.01,-0.01,0.06,0,-0.01,0.21,0.06,-0.12,-0.29,0,-0.01,-0.03,0.15,-0.33,0.29,0.03,-0.15,-0.08,-0.29,-0.34,-0.04,-0.05,0.39,0,-0.04,0.09,0.02,0.02,0.05,0,0.02,0.01,0.03,0.04,0.06,0.01,0.03,0.03,0.05,0.05,0.03,0.05,0.08,0,0.03,0.39,0.24,0.37,0.16,0.72,0.12,0.28,0.44,0.17,0.12,0.91,0.03,0.06
0,0.053908356,0.021563342,0.053908356,0.094339623,0.010781671,0.043126685,0.018867925,0.026954178,0.043126685,0.172506739,0.021563342,0.02425876,0.078167116,0.053908356,0.051212938,0.102425876,0.045822102,0.051212938,0.013477089,0.018867925,0.369272237,0.043126685,0.113207547,0.148247978,0.326145553,0.01,0.09,-0.17,-0.17,0.05,0,0.01,0.13,-0.13,0.98,0.09,-0.01,-0.17,-0.15,0.07,-0.05,-0.09,0.24,0.01,0.06,0.03,0.01,-0.05,-0.07,0.01,0.02,-0.01,0.04,-0.06,0.18,0.01,-0.02,0.01,-0.05,-0.13,-0.02,0,0.06,0.01,0,0.09,0.04,-0.49,-0.77,0.04,0.04,-0.06,0.08,-0.38,0.48,0.07,-0.12,-0.02,-0.22,-0.63,0.06,0.05,0.13,0.03,-0.01,-0.03,-0.02,0.16,0.28,-0.03,0,-0.01,-0.05,0.13,-0.31,-0.03,0,0,0.01,0.15,0.03,-0.02,-0.08,-0.05,-0.04,0.02,0.02,-0.03,-0.07,0.01,0.01,0,0.02,-0.08,0.09,0.01,-0.01,-0.02,-0.04,-0.07,-0.01,-0.01,0.03,0,-0.01,0.1,0.05,-0.19,-0.33,0.03,-0.02,-0.06,0.12,-0.17,0.65,0.04,-0.08,-0.12,-0.19,-0.23,-0.08,-0.03,0.21,-0.01,-0.02,0.04,0.02,0.03,0.06,0.01,0.03,0.01,0.02,0.02,0.15,0.02,0.02,0.05,0.03,0.03,0.07,0.03,0.04,0.01,0.01,0.39,0.26,0.34,0.09,0.76,0.15,0.24,0.49,0.11,0.15,0.86,0.04,0.1
0,0.027522936,0.009174312,0.064220183,0.064220183,0.018348624,0.091743119,0,0.064220183,0.110091743,0.110091743,0.009174312,0.036697248,0.064220183,0.064220183,0.064220183,0.04587156,0.055045872,0.055045872,0.018348624,0.027522936,0.357798165,0.064220183,0.174311927,0.128440367,0.275229358,0.01,0.04,-0.2,-0.12,0.08,0,0,0.31,-0.34,0.63,0.04,-0.02,-0.14,-0.18,0.09,-0.02,-0.1,0.26,0.02,0.09,0.02,0,-0.06,-0.05,0.02,0.04,0,0.09,-0.17,0.12,0.01,-0.03,0.01,-0.05,-0.16,-0.01,0,0.06,0.01,0.01,0.04,0.02,-0.59,-0.53,0.07,0.09,0,0.2,-0.97,0.31,0.03,-0.18,-0.01,-0.26,-0.79,0.03,0.07,0.14,0.03,-0.02,-0.01,-0.01,0.19,0.19,-0.05,0,0,-0.12,0.33,-0.2,-0.01,0.01,0,0.01,0.19,0.01,-0.02,-0.08,-0.06,-0.06,0.01,0.01,-0.04,-0.04,0.01,0.03,0,0.04,-0.2,0.06,0,-0.02,-0.02,-0.04,-0.09,0,-0.01,0.03,0.01,-0.01,0.05,0.02,-0.22,-0.22,0.05,-0.04,0,0.29,-0.43,0.42,0.02,-0.13,-0.1,-0.22,-0.29,-0.04,-0.04,0.23,-0.02,-0.04,0.02,0.01,0.04,0.04,0.02,0.07,0,0.06,0.06,0.09,0.01,0.02,0.04,0.04,0.04,0.03,0.04,0.05,0.02,0.02,0.34,0.26,0.4,0.17,0.7,0.13,0.23,0.47,0.17,0.13,0.87,0.06,0.06
0,0.076923077,0.009615385,0.048076923,0.096153846,0.009615385,0.086538462,0.009615385,0.076923077,0.105769231,0.125,0,0.028846154,0.067307692,0.038461538,0.048076923,0.048076923,0.057692308,0.048076923,0.009615385,0.009615385,0.413461538,0.028846154,0.163461538,0.144230769,0.25,0.02,0.04,-0.15,-0.17,0.04,0,0,0.37,-0.33,0.71,0,-0.01,-0.15,-0.11,0.07,-0.02,-0.11,0.23,0.01,0.03,0.05,0,-0.04,-0.07,0.01,0.04,0,0.11,-0.16,0.13,0,-0.02,0.01,-0.03,-0.12,-0.01,0,0.05,0.01,0,0.12,0.02,-0.44,-0.79,0.04,0.09,-0.03,0.24,-0.93,0.35,0,-0.14,-0.01,-0.16,-0.59,0.03,0.07,0.12,0.02,-0.01,-0.04,-0.01,0.14,0.29,-0.02,0,0,-0.14,0.32,-0.22,0,0.01,0,0.01,0.14,0.01,-0.02,-0.07,-0.03,-0.02,0.02,0.01,-0.03,-0.07,0,0.03,0,0.05,-0.19,0.06,0,-0.01,-0.02,-0.03,-0.07,0,-0.01,0.03,0,0,0.14,0.02,-0.17,-0.34,0.03,-0.03,-0.03,0.35,-0.41,0.48,0,-0.1,-0.11,-0.13,-0.22,-0.04,-0.04,0.2,-0.01,-0.01,0.06,0.01,0.03,0.06,0.01,0.06,0.01,0.07,0.06,0.11,0,0.02,0.04,0.02,0.03,0.03,0.04,0.04,0.01,0.01,0.37,0.24,0.39,0.15,0.7,0.14,0.18,0.51,0.16,0.14,0.89,0.03,0.08
0,0.047058824,0.007843137,0.074509804,0.078431373,0.035294118,0.039215686,0.019607843,0.043137255,0.098039216,0.11372549,0.011764706,0.019607843,0.039215686,0.054901961,0.066666667,0.098039216,0.035294118,0.078431373,0.007843137,0.031372549,0.333333333,0.074509804,0.184313725,0.152941176,0.254901961,0.01,0.03,-0.23,-0.14,0.16,0,0.01,0.21,-0.3,0.65,0.05,-0.01,-0.09,-0.15,0.09,-0.05,-0.07,0.37,0.01,0.1,0.03,0,-0.07,-0.06,0.04,0.02,-0.01,0.06,-0.15,0.12,0.01,-0.02,0,-0.05,-0.17,-0.02,0,0.08,0.01,0.01,0.08,0.02,-0.69,-0.64,0.13,0.04,-0.06,0.13,-0.86,0.32,0.04,-0.09,-0.01,-0.23,-0.82,0.06,0.04,0.2,0.01,-0.02,-0.02,-0.01,0.22,0.24,-0.09,0,-0.01,-0.08,0.29,-0.2,-0.02,0,0,0.01,0.2,0.03,-0.01,-0.12,-0.03,-0.07,0.01,0.01,-0.04,-0.05,0.02,0.01,0,0.03,-0.18,0.06,0,-0.01,-0.01,-0.04,-0.09,-0.01,-0.01,0.05,0,-0.01,0.08,0.02,-0.26,-0.27,0.1,-0.02,-0.06,0.19,-0.38,0.43,0.02,-0.07,-0.06,-0.19,-0.3,-0.08,-0.02,0.33,-0.01,-0.04,0.03,0.01,0.05,0.05,0.03,0.03,0.02,0.04,0.05,0.1,0.01,0.01,0.03,0.03,0.04,0.06,0.02,0.07,0.01,0.02,0.38,0.25,0.38,0.16,0.68,0.15,0.24,0.42,0.18,0.15,0.87,0.07,0.06
0,0.066235864,0.006462036,0.053311793,0.071082391,0.021001616,0.04361874,0.012924071,0.046849758,0.063004847,0.063004847,0.024232633,0.042003231,0.080775444,0.069466882,0.032310178,0.10177706,0.080775444,0.096930533,0.004846527,0.019386107,0.340872375,0.045234249,0.108239095,0.124394184,0.381260097,0.01,0.03,-0.16,-0.13,0.09,0,0.01,0.22,-0.19,0.36,0.1,-0.02,-0.18,-0.19,0.05,-0.05,-0.15,0.45,0,0.06,0.04,0,-0.05,-0.05,0.02,0.02,-0.01,0.06,-0.09,0.07,0.02,-0.03,0.01,-0.06,-0.08,-0.02,0,0.1,0,0.01,0.11,0.01,-0.49,-0.58,0.08,0.04,-0.04,0.15,-0.55,0.18,0.08,-0.2,-0.02,-0.28,-0.4,0.06,0.1,0.25,0.01,-0.01,-0.03,-0.01,0.16,0.21,-0.05,0,-0.01,-0.08,0.19,-0.11,-0.03,0.01,0,0.01,0.1,0.03,-0.03,-0.15,-0.02,-0.04,0.02,0.01,-0.03,-0.05,0.01,0.01,0,0.03,-0.11,0.03,0.01,-0.02,-0.02,-0.05,-0.05,-0.01,-0.02,0.06,0,-0.01,0.12,0.02,-0.19,-0.25,0.06,-0.02,-0.04,0.21,-0.25,0.24,0.05,-0.15,-0.13,-0.24,-0.15,-0.08,-0.06,0.41,0,-0.03,0.05,0.01,0.03,0.04,0.02,0.03,0.01,0.04,0.03,0.05,0.02,0.03,0.05,0.04,0.02,0.07,0.06,0.08,0,0.01,0.35,0.31,0.34,0.1,0.78,0.12,0.31,0.45,0.11,0.12,0.86,0.05,0.09
0,0.07925801,0.013490725,0.038785835,0.07925801,0.008431703,0.048903879,0.016863406,0.048903879,0.072512648,0.059021922,0.028667791,0.032040472,0.072512648,0.043844857,0.037099494,0.097807757,0.092748735,0.10623946,0.005059022,0.018549747,0.370994941,0.032040472,0.126475548,0.118043845,0.352445194,0.02,0.06,-0.12,-0.14,0.04,0,0.01,0.23,-0.22,0.34,0.12,-0.02,-0.16,-0.12,0.05,-0.05,-0.18,0.5,0.01,0.06,0.05,0,-0.03,-0.06,0.01,0.02,-0.01,0.07,-0.11,0.06,0.02,-0.02,0.01,-0.04,-0.09,-0.02,0,0.11,0,0,0.13,0.03,-0.36,-0.65,0.03,0.05,-0.05,0.15,-0.64,0.16,0.1,-0.15,-0.01,-0.18,-0.46,0.06,0.11,0.28,0.01,-0.01,-0.04,-0.01,0.12,0.24,-0.02,0,-0.01,-0.09,0.22,-0.11,-0.04,0.01,0,0.01,0.11,0.03,-0.04,-0.16,-0.02,-0.04,0.02,0.01,-0.02,-0.06,0,0.01,0,0.03,-0.13,0.03,0.01,-0.02,-0.02,-0.03,-0.05,-0.01,-0.02,0.06,0,-0.01,0.14,0.03,-0.14,-0.28,0.02,-0.02,-0.05,0.22,-0.28,0.22,0.05,-0.11,-0.12,-0.15,-0.17,-0.08,-0.06,0.45,0,-0.02,0.06,0.01,0.02,0.05,0.01,0.04,0.01,0.04,0.04,0.05,0.02,0.02,0.05,0.03,0.02,0.06,0.06,0.09,0,0.01,0.37,0.3,0.33,0.11,0.77,0.12,0.28,0.47,0.13,0.12,0.88,0.03,0.09
0,0.067385445,0.018867925,0.075471698,0.07277628,0.040431267,0.083557951,0.021563342,0.026954178,0.070080863,0.094339623,0.021563342,0.029649596,0.04851752,0.040431267,0.053908356,0.113207547,0.035040431,0.032345013,0.02425876,0.029649596,0.326145553,0.094339623,0.145552561,0.148247978,0.285714286,0.01,0.08,-0.23,-0.13,0.18,0,0.01,0.13,-0.22,0.54,0.09,-0.01,-0.11,-0.11,0.08,-0.06,-0.07,0.15,0.02,0.09,0.04,0.01,-0.07,-0.05,0.05,0.04,-0.01,0.04,-0.1,0.1,0.01,-0.02,0.01,-0.03,-0.14,-0.02,0,0.03,0.02,0.01,0.11,0.04,-0.69,-0.6,0.15,0.08,-0.06,0.08,-0.62,0.26,0.07,-0.14,-0.01,-0.17,-0.66,0.07,0.04,0.08,0.05,-0.02,-0.03,-0.02,0.23,0.22,-0.1,0,-0.01,-0.05,0.21,-0.17,-0.03,0.01,0,0.01,0.16,0.03,-0.01,-0.05,-0.08,-0.07,0.02,0.02,-0.05,-0.05,0.02,0.02,0,0.02,-0.13,0.05,0.01,-0.01,-0.01,-0.03,-0.08,-0.01,-0.01,0.02,0.01,-0.01,0.12,0.05,-0.26,-0.25,0.11,-0.03,-0.07,0.12,-0.27,0.36,0.04,-0.1,-0.08,-0.14,-0.24,-0.09,-0.02,0.14,-0.02,-0.04,0.05,0.02,0.05,0.05,0.04,0.06,0.02,0.02,0.04,0.08,0.02,0.02,0.03,0.02,0.03,0.07,0.02,0.03,0.02,0.02,0.35,0.29,0.35,0.12,0.73,0.15,0.25,0.46,0.15,0.15,0.83,0.09,0.07
0,0.045283019,0.041509434,0.056603774,0.079245283,0.052830189,0.041509434,0.037735849,0.033962264,0.056603774,0.094339623,0.022641509,0.041509434,0.026415094,0.045283019,0.052830189,0.094339623,0.052830189,0.037735849,0.033962264,0.052830189,0.275471698,0.139622642,0.147169811,0.135849057,0.301886792,0.01,0.17,-0.17,-0.14,0.23,0,0.02,0.16,-0.17,0.54,0.09,-0.02,-0.06,-0.13,0.07,-0.05,-0.1,0.18,0.03,0.17,0.03,0.01,-0.05,-0.06,0.06,0.02,-0.02,0.05,-0.08,0.1,0.01,-0.03,0,-0.04,-0.13,-0.02,0,0.04,0.03,0.01,0.07,0.08,-0.52,-0.65,0.19,0.04,-0.11,0.1,-0.5,0.26,0.08,-0.2,-0.01,-0.18,-0.65,0.06,0.06,0.1,0.06,-0.04,-0.02,-0.04,0.17,0.24,-0.13,0,-0.02,-0.06,0.17,-0.17,-0.03,0.01,0,0.01,0.16,0.03,-0.02,-0.06,-0.12,-0.12,0.01,0.04,-0.03,-0.06,0.03,0.01,0,0.02,-0.1,0.05,0.01,-0.02,-0.01,-0.03,-0.07,-0.01,-0.01,0.02,0.01,-0.02,0.08,0.1,-0.2,-0.28,0.15,-0.02,-0.12,0.15,-0.22,0.36,0.04,-0.14,-0.04,-0.16,-0.24,-0.08,-0.04,0.16,-0.03,-0.07,0.03,0.04,0.03,0.05,0.05,0.03,0.03,0.03,0.03,0.08,0.02,0.03,0.02,0.03,0.03,0.06,0.04,0.03,0.03,0.04,0.41,0.27,0.31,0.11,0.75,0.14,0.29,0.43,0.15,0.14,0.79,0.14,0.06
0,0.086448598,0.007009346,0.023364486,0.067757009,0.021028037,0.093457944,0.01635514,0.028037383,0.042056075,0.098130841,0.014018692,0.021028037,0.144859813,0.039719626,0.044392523,0.105140187,0.053738318,0.065420561,0.009345794,0.018691589,0.385514019,0.049065421,0.102803738,0.091121495,0.371495327,0.02,0.03,-0.07,-0.12,0.09,0,0.01,0.13,-0.13,0.56,0.06,-0.01,-0.32,-0.11,0.06,-0.05,-0.1,0.31,0.01,0.06,0.05,0,-0.02,-0.05,0.02,0.04,-0.01,0.04,-0.06,0.1,0.01,-0.02,0.02,-0.03,-0.11,-0.02,0,0.07,0.01,0,0.14,0.01,-0.21,-0.55,0.08,0.09,-0.05,0.09,-0.37,0.27,0.05,-0.1,-0.03,-0.16,-0.54,0.06,0.06,0.17,0.02,-0.01,-0.04,-0.01,0.07,0.2,-0.05,0,-0.01,-0.05,0.13,-0.18,-0.02,0,0,0.01,0.13,0.03,-0.02,-0.1,-0.03,-0.04,0.03,0.01,-0.01,-0.05,0.01,0.03,0,0.02,-0.08,0.05,0.01,-0.01,-0.04,-0.03,-0.06,-0.01,-0.01,0.04,0,-0.01,0.16,0.02,-0.08,-0.24,0.06,-0.04,-0.05,0.13,-0.16,0.37,0.03,-0.07,-0.23,-0.14,-0.2,-0.08,-0.04,0.27,-0.01,-0.02,0.06,0.01,0.01,0.04,0.02,0.07,0.01,0.02,0.02,0.08,0.01,0.01,0.09,0.02,0.03,0.07,0.04,0.06,0.01,0.01,0.35,0.31,0.34,0.09,0.82,0.09,0.24,0.57,0.1,0.09,0.79,0.05,0.16
0,0.081081081,0.007371007,0.034398034,0.054054054,0.039312039,0.034398034,0.027027027,0.044226044,0.068796069,0.132678133,0.012285012,0.039312039,0.095823096,0.024570025,0.034398034,0.154791155,0.046683047,0.041769042,0.00982801,0.017199017,0.346437346,0.066339066,0.13022113,0.088452088,0.368550369,0.02,0.03,-0.11,-0.1,0.17,0,0.01,0.21,-0.21,0.75,0.05,-0.02,-0.21,-0.07,0.05,-0.08,-0.09,0.2,0.01,0.05,0.05,0,-0.03,-0.04,0.05,0.02,-0.01,0.06,-0.1,0.14,0.01,-0.03,0.01,-0.02,-0.09,-0.03,0,0.04,0.01,0,0.13,0.01,-0.32,-0.44,0.15,0.03,-0.08,0.14,-0.6,0.37,0.04,-0.19,-0.02,-0.1,-0.42,0.09,0.06,0.11,0.02,-0.01,-0.04,-0.01,0.1,0.16,-0.1,0,-0.01,-0.08,0.21,-0.24,-0.02,0.01,0,0,0.1,0.05,-0.02,-0.06,-0.03,-0.04,0.02,0.01,-0.02,-0.04,0.02,0.01,0,0.03,-0.12,0.07,0,-0.02,-0.03,-0.02,-0.05,-0.02,-0.01,0.02,0,-0.01,0.15,0.02,-0.12,-0.19,0.11,-0.01,-0.09,0.2,-0.27,0.5,0.02,-0.14,-0.15,-0.09,-0.15,-0.12,-0.03,0.18,-0.01,-0.02,0.06,0.01,0.02,0.03,0.03,0.02,0.02,0.04,0.04,0.11,0.01,0.02,0.06,0.02,0.02,0.1,0.03,0.04,0.01,0.01,0.38,0.29,0.33,0.1,0.81,0.09,0.28,0.5,0.13,0.09,0.81,0.07,0.12
0,0.046666667,0.006666667,0.07,0.05,0.02,0.05,0.036666667,0.03,0.056666667,0.096666667,0.033333333,0.046666667,0.1,0.046666667,0.056666667,0.08,0.063333333,0.033333333,0.023333333,0.053333333,0.29,0.096666667,0.15,0.12,0.343333333,0.01,0.03,-0.22,-0.09,0.09,0,0.02,0.14,-0.18,0.55,0.14,-0.02,-0.22,-0.13,0.08,-0.04,-0.12,0.16,0.02,0.17,0.03,0,-0.06,-0.04,0.02,0.02,-0.01,0.04,-0.08,0.1,0.02,-0.04,0.01,-0.04,-0.14,-0.01,0,0.04,0.02,0.01,0.07,0.01,-0.64,-0.41,0.07,0.05,-0.11,0.09,-0.5,0.27,0.11,-0.22,-0.02,-0.19,-0.7,0.05,0.08,0.09,0.04,-0.04,-0.02,-0.01,0.21,0.15,-0.05,0,-0.02,-0.05,0.17,-0.17,-0.04,0.01,0,0.01,0.17,0.02,-0.03,-0.05,-0.08,-0.12,0.01,0.01,-0.04,-0.03,0.01,0.02,0,0.02,-0.1,0.05,0.01,-0.02,-0.03,-0.03,-0.08,-0.01,-0.01,0.02,0.01,-0.02,0.08,0.02,-0.25,-0.18,0.06,-0.02,-0.12,0.14,-0.22,0.37,0.06,-0.16,-0.16,-0.16,-0.26,-0.06,-0.04,0.14,-0.02,-0.07,0.03,0.01,0.04,0.03,0.02,0.04,0.03,0.03,0.03,0.08,0.03,0.03,0.06,0.03,0.04,0.05,0.04,0.03,0.02,0.04,0.34,0.28,0.38,0.11,0.77,0.12,0.29,0.44,0.15,0.12,0.77,0.1,0.14
0,0.061728395,0.010288066,0.053497942,0.04526749,0.024691358,0.053497942,0.037037037,0.030864198,0.049382716,0.074074074,0.034979424,0.04526749,0.109053498,0.047325103,0.047325103,0.094650206,0.069958848,0.043209877,0.018518519,0.049382716,0.298353909,0.092592593,0.133744856,0.098765432,0.37654321,0.01,0.04,-0.17,-0.08,0.11,0,0.02,0.15,-0.15,0.42,0.15,-0.02,-0.24,-0.13,0.07,-0.05,-0.13,0.2,0.02,0.16,0.04,0,-0.05,-0.03,0.03,0.03,-0.01,0.04,-0.07,0.08,0.02,-0.04,0.01,-0.04,-0.12,-0.02,0,0.05,0.01,0.01,0.1,0.02,-0.49,-0.37,0.09,0.05,-0.11,0.1,-0.43,0.21,0.12,-0.22,-0.02,-0.19,-0.58,0.06,0.08,0.11,0.04,-0.03,-0.03,-0.01,0.16,0.14,-0.06,0,-0.02,-0.06,0.15,-0.13,-0.05,0.01,0,0.01,0.14,0.03,-0.03,-0.06,-0.06,-0.11,0.02,0.01,-0.03,-0.03,0.01,0.02,0,0.02,-0.09,0.04,0.01,-0.02,-0.03,-0.03,-0.07,-0.01,-0.01,0.03,0.01,-0.02,0.11,0.03,-0.19,-0.16,0.07,-0.02,-0.12,0.14,-0.19,0.28,0.07,-0.16,-0.17,-0.17,-0.21,-0.08,-0.05,0.18,-0.02,-0.06,0.05,0.01,0.03,0.03,0.02,0.04,0.03,0.03,0.03,0.06,0.03,0.03,0.07,0.03,0.03,0.06,0.05,0.04,0.02,0.04,0.35,0.3,0.35,0.1,0.8,0.1,0.31,0.46,0.13,0.1,0.76,0.09,0.15
0,0.040511727,0.021321962,0.059701493,0.068230277,0.053304904,0.061833689,0.014925373,0.02771855,0.0554371,0.106609808,0.023454158,0.057569296,0.059701493,0.066098081,0.034115139,0.104477612,0.046908316,0.049040512,0.023454158,0.025586354,0.309168443,0.102345416,0.104477612,0.12793177,0.356076759,0.01,0.09,-0.18,-0.12,0.23,0,0.01,0.13,-0.17,0.61,0.1,-0.03,-0.13,-0.18,0.05,-0.05,-0.09,0.23,0.02,0.08,0.03,0.01,-0.05,-0.05,0.06,0.03,-0.01,0.04,-0.08,0.11,0.01,-0.04,0.01,-0.06,-0.09,-0.02,0,0.05,0.02,0.01,0.06,0.04,-0.55,-0.56,0.2,0.06,-0.04,0.09,-0.49,0.3,0.08,-0.28,-0.01,-0.27,-0.42,0.06,0.06,0.13,0.04,-0.02,-0.02,-0.02,0.18,0.2,-0.13,0,-0.01,-0.05,0.17,-0.19,-0.03,0.01,0,0.01,0.1,0.03,-0.02,-0.07,-0.08,-0.06,0.01,0.02,-0.04,-0.05,0.03,0.02,0,0.02,-0.1,0.05,0.01,-0.03,-0.02,-0.05,-0.05,-0.01,-0.01,0.03,0.01,-0.01,0.07,0.05,-0.21,-0.24,0.15,-0.02,-0.05,0.12,-0.22,0.4,0.04,-0.2,-0.1,-0.23,-0.15,-0.08,-0.03,0.21,-0.02,-0.03,0.03,0.02,0.04,0.04,0.05,0.04,0.01,0.02,0.03,0.09,0.02,0.04,0.04,0.04,0.02,0.07,0.03,0.04,0.02,0.02,0.37,0.29,0.33,0.09,0.78,0.13,0.3,0.47,0.1,0.13,0.82,0.1,0.07
0,0.046843177,0.024439919,0.052953157,0.079429735,0.052953157,0.054989817,0.036659878,0.028513238,0.048879837,0.061099796,0.036659878,0.038696538,0.107942974,0.063136456,0.061099796,0.083503055,0.028513238,0.038696538,0.00814664,0.046843177,0.266802444,0.107942974,0.146639511,0.132382892,0.346232179,0.01,0.1,-0.16,-0.14,0.23,0,0.02,0.14,-0.15,0.35,0.15,-0.02,-0.24,-0.18,0.09,-0.04,-0.05,0.18,0.01,0.15,0.03,0.01,-0.05,-0.06,0.06,0.03,-0.01,0.04,-0.07,0.06,0.02,-0.03,0.01,-0.05,-0.15,-0.02,0,0.04,0.01,0.01,0.07,0.05,-0.49,-0.65,0.2,0.05,-0.11,0.09,-0.43,0.17,0.12,-0.19,-0.02,-0.26,-0.75,0.05,0.03,0.1,0.02,-0.03,-0.02,-0.02,0.16,0.24,-0.13,0,-0.02,-0.05,0.15,-0.11,-0.05,0.01,0,0.01,0.18,0.02,-0.01,-0.06,-0.03,-0.11,0.01,0.02,-0.03,-0.06,0.03,0.02,0,0.02,-0.09,0.03,0.01,-0.02,-0.03,-0.04,-0.09,-0.01,-0.01,0.02,0,-0.02,0.08,0.06,-0.18,-0.28,0.15,-0.02,-0.12,0.13,-0.19,0.23,0.07,-0.14,-0.17,-0.22,-0.27,-0.07,-0.02,0.16,-0.01,-0.06,0.03,0.02,0.03,0.05,0.05,0.04,0.03,0.03,0.03,0.05,0.03,0.02,0.07,0.04,0.04,0.06,0.02,0.03,0.01,0.04,0.34,0.27,0.39,0.11,0.76,0.13,0.26,0.46,0.15,0.13,0.75,0.11,0.14
0,0.056451613,0.032258065,0.040322581,0.056451613,0.024193548,0.112903226,0.016129032,0.024193548,0.056451613,0.088709677,0.008064516,0.024193548,0.064516129,0.040322581,0.14516129,0.072580645,0.032258065,0.024193548,0.024193548,0.056451613,0.314516129,0.10483871,0.217741935,0.096774194,0.266129032,0.01,0.13,-0.12,-0.1,0.11,0,0.01,0.12,-0.18,0.51,0.03,-0.01,-0.14,-0.11,0.2,-0.04,-0.06,0.11,0.02,0.18,0.03,0.01,-0.04,-0.04,0.03,0.05,-0.01,0.03,-0.08,0.09,0.01,-0.02,0.01,-0.03,-0.37,-0.01,0,0.03,0.02,0.01,0.09,0.06,-0.37,-0.46,0.09,0.11,-0.05,0.08,-0.5,0.25,0.03,-0.12,-0.01,-0.17,-1.79,0.04,0.04,0.06,0.05,-0.04,-0.03,-0.03,0.12,0.17,-0.06,0,-0.01,-0.04,0.17,-0.16,-0.01,0,0,0.01,0.44,0.02,-0.01,-0.04,-0.08,-0.13,0.02,0.03,-0.02,-0.04,0.01,0.03,0,0.02,-0.1,0.04,0,-0.01,-0.02,-0.03,-0.2,-0.01,-0.01,0.01,0.01,-0.02,0.1,0.08,-0.14,-0.2,0.07,-0.05,-0.05,0.11,-0.22,0.34,0.02,-0.08,-0.1,-0.14,-0.65,-0.06,-0.02,0.1,-0.02,-0.07,0.04,0.03,0.02,0.03,0.02,0.08,0.01,0.02,0.03,0.08,0.01,0.02,0.04,0.02,0.09,0.05,0.02,0.02,0.02,0.04,0.34,0.27,0.39,0.2,0.7,0.1,0.23,0.46,0.22,0.1,0.81,0.1,0.08
0,0.03875969,0.007751938,0.031007752,0.062015504,0.062015504,0.07751938,0.023255814,0.054263566,0.093023256,0.069767442,0.015503876,0.046511628,0.054263566,0.062015504,0.07751938,0.054263566,0.023255814,0.046511628,0.031007752,0.069767442,0.302325581,0.162790698,0.19379845,0.093023256,0.248062016,0.01,0.03,-0.1,-0.11,0.27,0,0.01,0.26,-0.29,0.4,0.07,-0.02,-0.12,-0.17,0.11,-0.03,-0.04,0.22,0.03,0.22,0.02,0,-0.03,-0.05,0.07,0.04,-0.01,0.07,-0.14,0.07,0.01,-0.04,0.01,-0.05,-0.2,-0.01,0,0.05,0.03,0.02,0.06,0.02,-0.29,-0.51,0.23,0.08,-0.07,0.17,-0.82,0.2,0.05,-0.22,-0.01,-0.25,-0.95,0.03,0.03,0.12,0.06,-0.05,-0.02,-0.01,0.09,0.19,-0.16,0,-0.01,-0.1,0.28,-0.13,-0.02,0.01,0,0.01,0.23,0.02,-0.01,-0.07,-0.11,-0.16,0.01,0.01,-0.02,-0.04,0.03,0.02,0,0.04,-0.17,0.03,0.01,-0.02,-0.02,-0.04,-0.11,-0.01,0,0.03,0.01,-0.03,0.07,0.02,-0.11,-0.22,0.17,-0.03,-0.07,0.24,-0.36,0.27,0.03,-0.16,-0.09,-0.22,-0.35,-0.04,-0.02,0.2,-0.03,-0.09,0.03,0.01,0.02,0.04,0.05,0.06,0.02,0.05,0.05,0.06,0.01,0.03,0.03,0.04,0.05,0.04,0.02,0.04,0.03,0.05,0.4,0.24,0.36,0.17,0.74,0.09,0.26,0.46,0.19,0.09,0.76,0.16,0.08
0,0.0703125,0.015625,0.046875,0.078125,0.0546875,0.0546875,0.015625,0.03125,0.0703125,0.0859375,0.0390625,0.03125,0.0703125,0.0546875,0.0859375,0.0390625,0.0234375,0.046875,0.0234375,0.0625,0.328125,0.140625,0.171875,0.125,0.234375,0.01,0.06,-0.15,-0.14,0.24,0,0.01,0.15,-0.22,0.49,0.16,-0.02,-0.15,-0.15,0.12,-0.02,-0.04,0.22,0.02,0.2,0.04,0,-0.04,-0.06,0.07,0.03,-0.01,0.04,-0.11,0.09,0.02,-0.02,0.01,-0.05,-0.22,-0.01,0,0.05,0.02,0.02,0.11,0.03,-0.43,-0.64,0.2,0.05,-0.05,0.1,-0.62,0.24,0.13,-0.15,-0.01,-0.22,-1.06,0.02,0.03,0.12,0.04,-0.04,-0.04,-0.02,0.14,0.23,-0.14,0,-0.01,-0.06,0.21,-0.15,-0.05,0.01,0,0.01,0.26,0.01,-0.01,-0.07,-0.08,-0.14,0.02,0.01,-0.03,-0.05,0.03,0.02,0,0.02,-0.13,0.04,0.02,-0.02,-0.02,-0.04,-0.12,0,0,0.03,0.01,-0.02,0.13,0.04,-0.16,-0.27,0.15,-0.02,-0.05,0.14,-0.27,0.33,0.07,-0.11,-0.11,-0.19,-0.39,-0.03,-0.02,0.2,-0.02,-0.08,0.05,0.01,0.03,0.05,0.05,0.04,0.01,0.03,0.04,0.07,0.03,0.02,0.04,0.03,0.06,0.03,0.02,0.04,0.02,0.05,0.43,0.19,0.38,0.16,0.72,0.12,0.21,0.49,0.17,0.12,0.77,0.14,0.09
0,0.053097345,0.008849558,0.053097345,0.050884956,0.024336283,0.059734513,0.033185841,0.030973451,0.053097345,0.068584071,0.03539823,0.064159292,0.086283186,0.046460177,0.044247788,0.110619469,0.055309735,0.046460177,0.019911504,0.055309735,0.294247788,0.099557522,0.130530973,0.103982301,0.371681416,0.01,0.04,-0.16,-0.09,0.11,0,0.02,0.15,-0.16,0.39,0.15,-0.03,-0.19,-0.13,0.06,-0.06,-0.1,0.22,0.02,0.18,0.03,0,-0.05,-0.04,0.03,0.03,-0.01,0.04,-0.08,0.07,0.02,-0.05,0.01,-0.04,-0.11,-0.02,0,0.05,0.02,0.01,0.08,0.02,-0.49,-0.42,0.09,0.06,-0.1,0.1,-0.47,0.19,0.12,-0.31,-0.02,-0.19,-0.54,0.07,0.07,0.12,0.04,-0.04,-0.03,-0.01,0.16,0.15,-0.06,0,-0.02,-0.06,0.16,-0.12,-0.05,0.01,0,0.01,0.13,0.03,-0.02,-0.07,-0.07,-0.13,0.02,0.01,-0.03,-0.04,0.01,0.02,0,0.02,-0.1,0.03,0.01,-0.03,-0.03,-0.03,-0.06,-0.01,-0.01,0.03,0.01,-0.02,0.1,0.02,-0.19,-0.18,0.07,-0.02,-0.11,0.14,-0.21,0.26,0.07,-0.22,-0.14,-0.16,-0.2,-0.09,-0.04,0.19,-0.02,-0.07,0.04,0.01,0.03,0.03,0.02,0.04,0.03,0.03,0.03,0.06,0.03,0.04,0.06,0.03,0.03,0.07,0.04,0.04,0.02,0.04,0.34,0.3,0.35,0.1,0.8,0.1,0.33,0.43,0.13,0.1,0.78,0.1,0.12
0,0.10430839,0.022675737,0.029478458,0.056689342,0.038548753,0.063492063,0.038548753,0.022675737,0.0430839,0.095238095,0.022675737,0.027210884,0.088435374,0.040816327,0.058956916,0.102040816,0.0430839,0.06122449,0.031746032,0.009070295,0.369614512,0.079365079,0.140589569,0.0861678,0.324263039,0.02,0.09,-0.09,-0.1,0.17,0,0.02,0.11,-0.13,0.54,0.1,-0.01,-0.19,-0.11,0.08,-0.05,-0.08,0.29,0.03,0.03,0.06,0.01,-0.03,-0.04,0.05,0.03,-0.02,0.03,-0.06,0.1,0.01,-0.02,0.01,-0.03,-0.15,-0.02,0,0.07,0.03,0,0.17,0.05,-0.27,-0.46,0.14,0.06,-0.12,0.07,-0.38,0.27,0.08,-0.13,-0.02,-0.17,-0.72,0.06,0.05,0.16,0.06,-0.01,-0.05,-0.02,0.09,0.17,-0.1,0,-0.02,-0.04,0.13,-0.17,-0.03,0.01,0,0.01,0.18,0.03,-0.02,-0.09,-0.11,-0.02,0.03,0.02,-0.02,-0.04,0.02,0.02,0,0.02,-0.08,0.05,0.01,-0.01,-0.03,-0.03,-0.08,-0.01,-0.01,0.04,0.01,0,0.19,0.06,-0.1,-0.2,0.11,-0.03,-0.12,0.1,-0.17,0.36,0.04,-0.1,-0.14,-0.14,-0.26,-0.08,-0.03,0.26,-0.03,-0.01,0.08,0.02,0.02,0.04,0.03,0.05,0.03,0.02,0.02,0.08,0.02,0.02,0.06,0.03,0.04,0.07,0.03,0.05,0.03,0.01,0.41,0.29,0.3,0.1,0.81,0.09,0.22,0.55,0.14,0.09,0.79,0.08,0.13
0,0.054744526,0.018248175,0.054744526,0.076642336,0.025547445,0.051094891,0.00729927,0.062043796,0.065693431,0.091240876,0.018248175,0.040145985,0.03649635,0.076642336,0.062043796,0.065693431,0.062043796,0.069343066,0.02919708,0.032846715,0.346715328,0.087591241,0.135036496,0.131386861,0.299270073,0.01,0.07,-0.17,-0.14,0.11,0,0,0.3,-0.2,0.52,0.08,-0.02,-0.08,-0.21,0.09,-0.03,-0.12,0.33,0.03,0.11,0.03,0.01,-0.05,-0.06,0.03,0.02,0,0.09,-0.1,0.1,0.01,-0.03,0,-0.07,-0.16,-0.01,0,0.07,0.02,0.01,0.09,0.04,-0.5,-0.63,0.09,0.05,-0.02,0.19,-0.58,0.26,0.06,-0.19,-0.01,-0.31,-0.76,0.04,0.07,0.18,0.06,-0.02,-0.03,-0.02,0.16,0.23,-0.06,0,0,-0.11,0.2,-0.16,-0.02,0.01,0,0.02,0.19,0.02,-0.02,-0.1,-0.1,-0.08,0.02,0.02,-0.03,-0.05,0.01,0.02,0,0.04,-0.12,0.05,0.01,-0.02,-0.01,-0.05,-0.09,-0.01,-0.01,0.04,0.01,-0.01,0.1,0.05,-0.19,-0.27,0.07,-0.02,-0.02,0.28,-0.26,0.35,0.03,-0.14,-0.06,-0.27,-0.28,-0.05,-0.04,0.29,-0.03,-0.04,0.04,0.02,0.03,0.05,0.02,0.04,0.01,0.05,0.03,0.08,0.02,0.03,0.02,0.05,0.04,0.04,0.04,0.06,0.02,0.02,0.4,0.26,0.34,0.13,0.74,0.13,0.28,0.46,0.14,0.13,0.87,0.09,0.04
0,0.064572426,0.010471204,0.047120419,0.090750436,0.02443281,0.057591623,0.022687609,0.061082024,0.04886562,0.073298429,0.029668412,0.034904014,0.057591623,0.066317627,0.029668412,0.080279232,0.083769634,0.09947644,0.006980803,0.010471204,0.385689354,0.041884817,0.10122164,0.137870855,0.333333333,0.01,0.04,-0.15,-0.16,0.11,0,0.01,0.29,-0.15,0.42,0.12,-0.02,-0.13,-0.19,0.04,-0.04,-0.16,0.47,0.01,0.03,0.04,0,-0.04,-0.07,0.03,0.03,-0.01,0.08,-0.07,0.08,0.02,-0.03,0.01,-0.06,-0.07,-0.01,0,0.11,0.01,0,0.1,0.02,-0.43,-0.74,0.09,0.06,-0.07,0.19,-0.43,0.2,0.1,-0.17,-0.01,-0.27,-0.36,0.05,0.1,0.26,0.01,-0.01,-0.03,-0.01,0.14,0.27,-0.06,0,-0.01,-0.11,0.15,-0.13,-0.04,0.01,0,0.01,0.09,0.02,-0.03,-0.15,-0.02,-0.02,0.02,0.01,-0.03,-0.06,0.01,0.02,0,0.04,-0.09,0.04,0.01,-0.02,-0.02,-0.05,-0.04,-0.01,-0.02,0.06,0,0,0.12,0.03,-0.16,-0.32,0.07,-0.02,-0.07,0.27,-0.19,0.28,0.06,-0.12,-0.09,-0.23,-0.13,-0.06,-0.06,0.42,-0.01,-0.01,0.05,0.01,0.03,0.06,0.02,0.04,0.02,0.05,0.03,0.06,0.03,0.02,0.04,0.04,0.02,0.05,0.06,0.09,0.01,0.01,0.38,0.31,0.31,0.08,0.78,0.14,0.28,0.48,0.1,0.14,0.88,0.04,0.08
0,0.063492063,0.03968254,0.055555556,0.071428571,0.023809524,0.055555556,0.023809524,0.071428571,0.087301587,0.079365079,0.031746032,0.03968254,0.023809524,0.023809524,0.055555556,0.095238095,0.03968254,0.079365079,0.015873016,0.023809524,0.380952381,0.063492063,0.166666667,0.126984127,0.261904762,0.01,0.16,-0.17,-0.13,0.1,0,0.01,0.34,-0.27,0.45,0.13,-0.02,-0.05,-0.07,0.08,-0.05,-0.08,0.37,0.02,0.08,0.04,0.01,-0.05,-0.05,0.03,0.03,-0.01,0.1,-0.13,0.08,0.02,-0.03,0,-0.02,-0.14,-0.02,0,0.09,0.01,0.01,0.1,0.08,-0.51,-0.59,0.09,0.06,-0.07,0.22,-0.77,0.22,0.11,-0.19,0,-0.1,-0.68,0.06,0.05,0.21,0.03,-0.02,-0.03,-0.04,0.17,0.21,-0.06,0,-0.01,-0.13,0.26,-0.14,-0.04,0.01,0,0,0.17,0.03,-0.02,-0.12,-0.05,-0.05,0.02,0.04,-0.03,-0.05,0.01,0.02,0,0.05,-0.16,0.04,0.01,-0.02,-0.01,-0.02,-0.08,-0.01,-0.01,0.05,0,-0.01,0.11,0.1,-0.19,-0.25,0.07,-0.02,-0.08,0.32,-0.34,0.3,0.06,-0.14,-0.04,-0.08,-0.25,-0.08,-0.03,0.33,-0.01,-0.03,0.05,0.04,0.03,0.04,0.02,0.04,0.02,0.06,0.05,0.07,0.03,0.02,0.02,0.01,0.04,0.06,0.03,0.07,0.01,0.02,0.43,0.24,0.33,0.14,0.73,0.13,0.22,0.48,0.17,0.13,0.89,0.06,0.05
0,0.103092784,0,0.051546392,0.051546392,0,0.010309278,0.030927835,0.041237113,0.12371134,0.113402062,0.030927835,0.030927835,0.051546392,0.030927835,0.082474227,0.113402062,0.082474227,0.041237113,0,0.010309278,0.340206186,0.010309278,0.237113402,0.103092784,0.309278351,0.02,0,-0.16,-0.09,0,0,0.02,0.2,-0.38,0.65,0.13,-0.02,-0.11,-0.09,0.12,-0.06,-0.16,0.19,0,0.03,0.06,0,-0.05,-0.04,0,0,-0.01,0.06,-0.19,0.12,0.02,-0.02,0.01,-0.03,-0.21,-0.02,0,0.04,0,0,0.16,0,-0.47,-0.42,0,0.01,-0.09,0.13,-1.09,0.32,0.11,-0.15,-0.01,-0.13,-1.01,0.07,0.1,0.11,0,-0.01,-0.05,0,0.15,0.15,0,0,-0.02,-0.07,0.37,-0.2,-0.04,0.01,0,0.01,0.25,0.03,-0.03,-0.06,0,-0.02,0.03,0,-0.03,-0.04,0,0,0,0.03,-0.22,0.06,0.01,-0.02,-0.02,-0.02,-0.12,-0.01,-0.02,0.02,0,0,0.19,0,-0.18,-0.18,0,0,-0.1,0.19,-0.48,0.43,0.06,-0.11,-0.08,-0.11,-0.37,-0.09,-0.06,0.17,0,-0.01,0.08,0,0.03,0.03,0,0.01,0.02,0.04,0.06,0.1,0.03,0.02,0.03,0.02,0.05,0.07,0.06,0.04,0,0.01,0.34,0.27,0.39,0.21,0.69,0.1,0.27,0.39,0.24,0.1,0.91,0.01,0.08
0,0.090909091,0.022727273,0.034090909,0.079545455,0.011363636,0.045454545,0,0.022727273,0.068181818,0.181818182,0.011363636,0.034090909,0.079545455,0.034090909,0.113636364,0.090909091,0.022727273,0.022727273,0.011363636,0.022727273,0.375,0.045454545,0.181818182,0.113636364,0.284090909,0.02,0.09,-0.11,-0.14,0.05,0,0,0.11,-0.21,1.04,0.05,-0.02,-0.18,-0.1,0.16,-0.05,-0.04,0.11,0.01,0.07,0.06,0.01,-0.03,-0.06,0.01,0.02,0,0.03,-0.1,0.19,0.01,-0.03,0.01,-0.03,-0.29,-0.02,0,0.02,0.01,0.01,0.15,0.05,-0.31,-0.65,0.04,0.05,0,0.07,-0.6,0.51,0.04,-0.16,-0.02,-0.14,-1.4,0.05,0.03,0.06,0.02,-0.02,-0.05,-0.02,0.1,0.24,-0.03,0,0,-0.04,0.2,-0.33,-0.01,0.01,0,0.01,0.34,0.03,-0.01,-0.03,-0.04,-0.05,0.03,0.02,-0.02,-0.06,0.01,0.01,0,0.02,-0.12,0.09,0,-0.02,-0.02,-0.02,-0.16,-0.01,0,0.01,0,-0.01,0.16,0.06,-0.12,-0.28,0.03,-0.02,0,0.1,-0.27,0.69,0.02,-0.12,-0.13,-0.12,-0.51,-0.07,-0.02,0.1,-0.01,-0.03,0.07,0.02,0.02,0.05,0.01,0.03,0,0.02,0.04,0.15,0.01,0.02,0.05,0.02,0.07,0.06,0.02,0.02,0.01,0.02,0.4,0.19,0.41,0.18,0.7,0.11,0.2,0.5,0.18,0.11,0.88,0.05,0.08
0,0.097345133,0.008849558,0.03539823,0.088495575,0.026548673,0.017699115,0.03539823,0.026548673,0.097345133,0.132743363,0.026548673,0.026548673,0.044247788,0.061946903,0.053097345,0.097345133,0.026548673,0.061946903,0.008849558,0.026548673,0.362831858,0.061946903,0.185840708,0.123893805,0.265486726,0.02,0.04,-0.11,-0.16,0.12,0,0.02,0.13,-0.3,0.76,0.11,-0.01,-0.1,-0.17,0.07,-0.05,-0.05,0.29,0.01,0.08,0.06,0,-0.03,-0.07,0.03,0.01,-0.01,0.04,-0.15,0.14,0.02,-0.02,0.01,-0.05,-0.13,-0.02,0,0.07,0.01,0.01,0.16,0.02,-0.33,-0.73,0.1,0.02,-0.11,0.08,-0.86,0.37,0.09,-0.13,-0.01,-0.25,-0.65,0.06,0.03,0.16,0.02,-0.02,-0.05,-0.01,0.11,0.27,-0.07,0,-0.02,-0.05,0.29,-0.24,-0.03,0.01,0,0.01,0.16,0.03,-0.01,-0.09,-0.03,-0.06,0.03,0.01,-0.02,-0.06,0.01,0.01,0,0.02,-0.18,0.07,0.01,-0.01,-0.01,-0.04,-0.07,-0.01,-0.01,0.04,0,-0.01,0.18,0.02,-0.12,-0.31,0.07,-0.01,-0.11,0.12,-0.38,0.5,0.05,-0.09,-0.07,-0.22,-0.24,-0.08,-0.02,0.26,-0.01,-0.03,0.07,0.01,0.02,0.05,0.02,0.01,0.03,0.02,0.05,0.11,0.02,0.02,0.03,0.04,0.03,0.06,0.02,0.05,0.01,0.02,0.42,0.24,0.35,0.15,0.73,0.12,0.24,0.45,0.19,0.12,0.86,0.06,0.08
0,0.065217391,0.010869565,0.054347826,0.108695652,0.010869565,0.032608696,0,0.02173913,0.065217391,0.152173913,0.010869565,0.043478261,0.076086957,0.02173913,0.173913043,0.043478261,0.02173913,0.065217391,0,0.02173913,0.347826087,0.032608696,0.239130435,0.163043478,0.217391304,0.01,0.04,-0.17,-0.2,0.05,0,0,0.1,-0.2,0.87,0.05,-0.02,-0.17,-0.06,0.24,-0.02,-0.04,0.31,0,0.07,0.04,0,-0.05,-0.08,0.01,0.02,0,0.03,-0.1,0.16,0.01,-0.03,0.01,-0.02,-0.44,-0.01,0,0.07,0,0.01,0.1,0.02,-0.5,-0.89,0.04,0.03,0,0.07,-0.57,0.43,0.04,-0.21,-0.02,-0.09,-2.14,0.03,0.03,0.17,0,-0.02,-0.03,-0.01,0.16,0.33,-0.03,0,0,-0.04,0.2,-0.27,-0.01,0.01,0,0,0.52,0.01,-0.01,-0.1,0,-0.05,0.02,0.01,-0.03,-0.08,0.01,0.01,0,0.02,-0.12,0.08,0,-0.02,-0.02,-0.02,-0.24,0,0,0.04,0,-0.01,0.12,0.03,-0.19,-0.38,0.03,-0.01,0,0.1,-0.25,0.58,0.02,-0.15,-0.12,-0.08,-0.78,-0.03,-0.02,0.27,0,-0.03,0.05,0.01,0.03,0.07,0.01,0.02,0,0.02,0.03,0.13,0.01,0.03,0.05,0.01,0.11,0.03,0.02,0.06,0,0.02,0.36,0.12,0.52,0.24,0.6,0.16,0.15,0.45,0.24,0.16,0.89,0.03,0.08
0,0.0703125,0.0078125,0.046875,0.0625,0.03125,0.0625,0.015625,0.0546875,0.0625,0.109375,0.0390625,0.0234375,0.0234375,0.0390625,0.109375,0.109375,0.0625,0.0546875,0,0.015625,0.390625,0.046875,0.1875,0.109375,0.265625,0.01,0.03,-0.15,-0.11,0.14,0,0.01,0.26,-0.19,0.62,0.16,-0.01,-0.05,-0.11,0.15,-0.05,-0.12,0.26,0,0.05,0.04,0,-0.04,-0.05,0.04,0.03,-0.01,0.08,-0.09,0.12,0.02,-0.02,0,-0.03,-0.28,-0.02,0,0.06,0,0,0.11,0.02,-0.43,-0.51,0.12,0.06,-0.05,0.17,-0.55,0.31,0.13,-0.11,0,-0.16,-1.35,0.07,0.08,0.14,0,-0.01,-0.04,-0.01,0.14,0.19,-0.08,0,-0.01,-0.1,0.19,-0.2,-0.05,0,0,0.01,0.33,0.03,-0.02,-0.08,0,-0.04,0.02,0.01,-0.03,-0.04,0.02,0.02,0,0.04,-0.11,0.05,0.02,-0.01,-0.01,-0.03,-0.15,-0.01,-0.01,0.03,0,-0.01,0.13,0.02,-0.16,-0.22,0.09,-0.02,-0.05,0.25,-0.24,0.42,0.07,-0.08,-0.04,-0.14,-0.49,-0.09,-0.04,0.23,0,-0.02,0.05,0.01,0.03,0.04,0.03,0.04,0.01,0.05,0.03,0.09,0.03,0.01,0.02,0.02,0.07,0.07,0.04,0.05,0,0.01,0.38,0.29,0.33,0.17,0.72,0.11,0.25,0.45,0.19,0.11,0.91,0.05,0.04
0,0.061302682,0.007662835,0.034482759,0.072796935,0.068965517,0.030651341,0.026819923,0.061302682,0.068965517,0.088122605,0.011494253,0.0651341,0.053639847,0.049808429,0.045977011,0.130268199,0.042145594,0.049808429,0.007662835,0.022988506,0.302681992,0.099616858,0.141762452,0.107279693,0.348659004,0.01,0.03,-0.11,-0.13,0.3,0,0.01,0.29,-0.21,0.5,0.05,-0.03,-0.12,-0.14,0.06,-0.07,-0.08,0.23,0.01,0.07,0.04,0,-0.03,-0.05,0.08,0.01,-0.01,0.08,-0.1,0.09,0.01,-0.05,0.01,-0.04,-0.12,-0.02,0,0.05,0.01,0.01,0.1,0.02,-0.32,-0.6,0.26,0.03,-0.08,0.19,-0.61,0.25,0.04,-0.31,-0.01,-0.2,-0.57,0.08,0.05,0.13,0.01,-0.02,-0.03,-0.01,0.1,0.22,-0.17,0,-0.01,-0.11,0.21,-0.16,-0.01,0.01,0,0.01,0.14,0.04,-0.02,-0.07,-0.03,-0.05,0.02,0.01,-0.02,-0.05,0.03,0.01,0,0.04,-0.12,0.04,0,-0.03,-0.02,-0.03,-0.06,-0.01,-0.01,0.03,0,-0.01,0.11,0.02,-0.12,-0.25,0.19,-0.01,-0.09,0.28,-0.27,0.33,0.02,-0.23,-0.09,-0.17,-0.21,-0.1,-0.03,0.21,-0.01,-0.03,0.05,0.01,0.02,0.05,0.06,0.02,0.02,0.05,0.04,0.07,0.01,0.04,0.03,0.03,0.03,0.09,0.03,0.04,0.01,0.02,0.38,0.28,0.34,0.11,0.78,0.11,0.31,0.44,0.14,0.11,0.82,0.1,0.08
0,0.062015504,0.007751938,0.093023256,0.07751938,0.015503876,0.023255814,0.03875969,0.062015504,0.11627907,0.046511628,0.007751938,0.023255814,0.023255814,0.100775194,0.062015504,0.07751938,0.062015504,0.054263566,0,0.046511628,0.255813953,0.062015504,0.217054264,0.170542636,0.294573643,0.01,0.03,-0.29,-0.14,0.07,0,0.02,0.3,-0.36,0.27,0.03,-0.01,-0.05,-0.28,0.09,-0.04,-0.12,0.26,0,0.15,0.04,0,-0.08,-0.06,0.02,0.01,-0.02,0.09,-0.17,0.05,0,-0.02,0,-0.09,-0.16,-0.01,0,0.06,0,0.01,0.1,0.02,-0.86,-0.64,0.06,0.02,-0.12,0.19,-1.02,0.13,0.03,-0.11,0,-0.41,-0.76,0.05,0.07,0.14,0,-0.03,-0.03,-0.01,0.28,0.23,-0.04,0,-0.02,-0.11,0.35,-0.08,-0.01,0,0,0.02,0.19,0.02,-0.02,-0.08,0,-0.11,0.02,0.01,-0.06,-0.05,0.01,0.01,0,0.04,-0.21,0.02,0,-0.01,-0.01,-0.07,-0.09,-0.01,-0.01,0.03,0,-0.02,0.11,0.02,-0.33,-0.27,0.04,-0.01,-0.12,0.28,-0.45,0.18,0.01,-0.08,-0.04,-0.35,-0.28,-0.06,-0.04,0.23,0,-0.06,0.05,0.01,0.06,0.05,0.01,0.02,0.03,0.05,0.06,0.04,0.01,0.01,0.01,0.06,0.04,0.05,0.04,0.05,0,0.04,0.3,0.3,0.4,0.18,0.65,0.17,0.31,0.3,0.22,0.17,0.88,0.06,0.06
0,0.066666667,0.00952381,0.038095238,0.104761905,0.00952381,0,0.047619048,0.038095238,0.114285714,0.133333333,0,0.047619048,0.038095238,0.066666667,0.104761905,0.085714286,0.028571429,0.057142857,0,0.00952381,0.295238095,0.019047619,0.266666667,0.142857143,0.276190476,0.01,0.04,-0.12,-0.19,0.04,0,0.02,0.18,-0.35,0.76,0,-0.02,-0.08,-0.19,0.15,-0.04,-0.05,0.27,0,0.03,0.04,0,-0.03,-0.08,0.01,0,-0.02,0.05,-0.17,0.14,0,-0.04,0,-0.06,-0.27,-0.02,0,0.06,0,0,0.11,0.02,-0.35,-0.86,0.04,0,-0.14,0.12,-1.01,0.37,0,-0.23,-0.01,-0.27,-1.29,0.05,0.03,0.15,0,-0.01,-0.03,-0.01,0.11,0.31,-0.02,0,-0.02,-0.07,0.34,-0.24,0,0.01,0,0.01,0.31,0.03,-0.01,-0.09,0,-0.02,0.02,0.01,-0.02,-0.07,0,0,0,0.03,-0.21,0.07,0,-0.02,-0.01,-0.05,-0.15,-0.01,-0.01,0.03,0,0,0.12,0.02,-0.13,-0.37,0.03,0,-0.15,0.17,-0.45,0.51,0,-0.17,-0.06,-0.23,-0.47,-0.07,-0.02,0.24,0,-0.01,0.05,0.01,0.02,0.06,0.01,0,0.04,0.03,0.06,0.11,0,0.03,0.02,0.04,0.07,0.06,0.02,0.05,0,0.01,0.32,0.23,0.45,0.22,0.64,0.14,0.24,0.35,0.27,0.14,0.9,0.02,0.09
0,0.081349206,0.011904762,0.025793651,0.047619048,0.021825397,0.10515873,0.061507937,0.01984127,0.041666667,0.099206349,0.041666667,0.035714286,0.08531746,0.047619048,0.061507937,0.107142857,0.063492063,0.017857143,0.007936508,0.015873016,0.365079365,0.045634921,0.16468254,0.073412698,0.351190476,0.02,0.05,-0.08,-0.09,0.1,0,0.03,0.1,-0.13,0.56,0.17,-0.02,-0.19,-0.13,0.09,-0.05,-0.12,0.08,0.01,0.05,0.05,0,-0.02,-0.04,0.03,0.05,-0.02,0.03,-0.06,0.1,0.03,-0.03,0.01,-0.04,-0.16,-0.02,0,0.02,0.01,0,0.13,0.02,-0.24,-0.39,0.08,0.1,-0.18,0.06,-0.37,0.28,0.14,-0.17,-0.02,-0.19,-0.76,0.06,0.08,0.05,0.02,-0.01,-0.04,-0.01,0.08,0.14,-0.05,0,-0.03,-0.04,0.12,-0.18,-0.05,0.01,0,0.01,0.18,0.03,-0.03,-0.03,-0.03,-0.04,0.02,0.01,-0.02,-0.03,0.01,0.03,-0.01,0.01,-0.07,0.05,0.02,-0.02,-0.03,-0.03,-0.09,-0.01,-0.01,0.01,0,-0.01,0.15,0.03,-0.09,-0.17,0.06,-0.04,-0.2,0.09,-0.16,0.38,0.08,-0.12,-0.14,-0.17,-0.28,-0.09,-0.04,0.07,-0.01,-0.02,0.06,0.01,0.02,0.03,0.02,0.08,0.05,0.02,0.02,0.08,0.04,0.02,0.05,0.03,0.04,0.07,0.04,0.02,0.01,0.01,0.32,0.38,0.3,0.1,0.82,0.07,0.27,0.49,0.16,0.07,0.81,0.05,0.15
0,0.037735849,0.06918239,0.044025157,0.018867925,0.044025157,0.06918239,0.062893082,0.018867925,0.113207547,0.100628931,0.006289308,0.037735849,0.018867925,0.056603774,0.06918239,0.062893082,0.075471698,0.056603774,0,0.037735849,0.289308176,0.081761006,0.245283019,0.062893082,0.320754717,0.01,0.28,-0.14,-0.03,0.19,0,0.03,0.09,-0.35,0.57,0.03,-0.02,-0.04,-0.16,0.1,-0.03,-0.14,0.27,0,0.12,0.02,0.02,-0.04,-0.01,0.05,0.03,-0.03,0.03,-0.17,0.11,0,-0.03,0,-0.05,-0.18,-0.01,0,0.06,0,0.01,0.06,0.14,-0.41,-0.15,0.16,0.07,-0.19,0.06,-1,0.28,0.02,-0.18,0,-0.23,-0.85,0.04,0.09,0.15,0,-0.03,-0.02,-0.07,0.13,0.06,-0.11,0,-0.03,-0.03,0.34,-0.18,-0.01,0.01,0,0.01,0.21,0.02,-0.03,-0.08,0,-0.09,0.01,0.06,-0.03,-0.01,0.02,0.02,-0.01,0.01,-0.2,0.05,0,-0.02,-0.01,-0.04,-0.1,-0.01,-0.02,0.03,0,-0.02,0.07,0.17,-0.15,-0.07,0.12,-0.03,-0.2,0.08,-0.44,0.38,0.01,-0.13,-0.03,-0.2,-0.31,-0.05,-0.05,0.24,0,-0.05,0.03,0.06,0.03,0.01,0.04,0.05,0.05,0.02,0.06,0.09,0.01,0.02,0.01,0.04,0.04,0.04,0.05,0.05,0,0.03,0.37,0.33,0.3,0.18,0.75,0.06,0.27,0.42,0.25,0.06,0.84,0.08,0.08
0,0.081585082,0.009324009,0.046620047,0.027972028,0.051282051,0.086247086,0.023310023,0.013986014,0.018648019,0.055944056,0.03030303,0.037296037,0.107226107,0.032634033,0.074592075,0.130536131,0.079254079,0.060606061,0.004662005,0.027972028,0.328671329,0.083916084,0.116550117,0.074592075,0.396270396,0.02,0.04,-0.14,-0.05,0.23,0,0.01,0.07,-0.06,0.32,0.13,-0.02,-0.24,-0.09,0.1,-0.07,-0.15,0.28,0,0.09,0.05,0,-0.04,-0.02,0.06,0.04,-0.01,0.02,-0.03,0.06,0.02,-0.03,0.01,-0.03,-0.19,-0.02,0,0.07,0,0.01,0.13,0.02,-0.43,-0.23,0.19,0.09,-0.07,0.04,-0.16,0.16,0.1,-0.18,-0.02,-0.13,-0.92,0.08,0.09,0.16,0.01,-0.02,-0.04,-0.01,0.14,0.08,-0.13,0,-0.01,-0.03,0.06,-0.1,-0.04,0.01,0,0.01,0.22,0.04,-0.03,-0.09,-0.02,-0.06,0.02,0.01,-0.03,-0.02,0.03,0.03,0,0.01,-0.03,0.03,0.01,-0.02,-0.03,-0.02,-0.1,-0.01,-0.02,0.04,0,-0.01,0.15,0.02,-0.16,-0.1,0.14,-0.03,-0.07,0.06,-0.07,0.21,0.06,-0.13,-0.17,-0.11,-0.33,-0.1,-0.06,0.25,0,-0.04,0.06,0.01,0.03,0.02,0.05,0.06,0.02,0.01,0.01,0.05,0.03,0.02,0.07,0.02,0.05,0.09,0.06,0.05,0,0.02,0.33,0.35,0.31,0.09,0.83,0.07,0.31,0.5,0.12,0.07,0.78,0.08,0.13
0,0.06779661,0.025423729,0.016949153,0.093220339,0.016949153,0.033898305,0.008474576,0.050847458,0.101694915,0.110169492,0.033898305,0.050847458,0.033898305,0.050847458,0.06779661,0.093220339,0.050847458,0.059322034,0,0.033898305,0.355932203,0.050847458,0.177966102,0.110169492,0.305084746,0.01,0.1,-0.05,-0.17,0.07,0,0,0.24,-0.32,0.63,0.14,-0.03,-0.07,-0.14,0.09,-0.05,-0.1,0.28,0,0.11,0.04,0.01,-0.02,-0.07,0.02,0.02,0,0.07,-0.15,0.12,0.02,-0.04,0,-0.04,-0.17,-0.02,0,0.06,0,0.01,0.11,0.05,-0.16,-0.76,0.06,0.03,-0.03,0.16,-0.89,0.31,0.12,-0.24,-0.01,-0.21,-0.83,0.06,0.06,0.15,0,-0.02,-0.03,-0.03,0.05,0.28,-0.04,0,0,-0.09,0.31,-0.2,-0.04,0.01,0,0.01,0.2,0.03,-0.02,-0.09,0,-0.08,0.02,0.02,-0.01,-0.07,0.01,0.01,0,0.04,-0.18,0.06,0.01,-0.03,-0.01,-0.04,-0.09,-0.01,-0.01,0.04,0,-0.01,0.12,0.06,-0.06,-0.33,0.05,-0.01,-0.03,0.23,-0.4,0.42,0.06,-0.18,-0.05,-0.18,-0.31,-0.07,-0.04,0.25,0,-0.04,0.05,0.02,0.01,0.06,0.01,0.02,0.01,0.04,0.05,0.09,0.03,0.03,0.02,0.03,0.04,0.06,0.04,0.05,0,0.03,0.4,0.24,0.36,0.17,0.72,0.11,0.28,0.43,0.18,0.11,0.91,0.05,0.04
0,0.07761194,0.014925373,0.047761194,0.07761194,0.023880597,0.062686567,0.026865672,0.044776119,0.056716418,0.101492537,0.023880597,0.014925373,0.080597015,0.047761194,0.050746269,0.110447761,0.029850746,0.044776119,0.032835821,0.029850746,0.355223881,0.086567164,0.134328358,0.125373134,0.298507463,0.02,0.06,-0.15,-0.14,0.1,0,0.01,0.21,-0.18,0.58,0.1,-0.01,-0.18,-0.13,0.07,-0.06,-0.06,0.21,0.03,0.1,0.05,0,-0.04,-0.06,0.03,0.03,-0.01,0.06,-0.08,0.11,0.02,-0.01,0.01,-0.04,-0.13,-0.02,0,0.05,0.03,0.01,0.12,0.03,-0.44,-0.63,0.09,0.06,-0.08,0.14,-0.5,0.28,0.08,-0.07,-0.02,-0.2,-0.62,0.07,0.04,0.12,0.06,-0.02,-0.04,-0.01,0.14,0.23,-0.06,0,-0.01,-0.08,0.17,-0.18,-0.03,0,0,0.01,0.15,0.03,-0.01,-0.07,-0.11,-0.07,0.02,0.01,-0.03,-0.05,0.01,0.02,0,0.03,-0.1,0.05,0.01,-0.01,-0.02,-0.03,-0.07,-0.01,-0.01,0.03,0.01,-0.01,0.14,0.04,-0.17,-0.27,0.07,-0.02,-0.09,0.2,-0.22,0.38,0.05,-0.05,-0.13,-0.17,-0.23,-0.09,-0.02,0.19,-0.03,-0.04,0.06,0.01,0.03,0.05,0.02,0.04,0.02,0.04,0.03,0.09,0.02,0.01,0.05,0.03,0.03,0.07,0.02,0.04,0.03,0.02,0.39,0.28,0.33,0.11,0.76,0.12,0.23,0.51,0.13,0.12,0.8,0.09,0.11
0,0.122137405,0.015267176,0.053435115,0.072519084,0.034351145,0.064885496,0.015267176,0.003816794,0.049618321,0.114503817,0.011450382,0.015267176,0.106870229,0.038167939,0.053435115,0.076335878,0.038167939,0.045801527,0.019083969,0.049618321,0.36259542,0.103053435,0.118320611,0.125954198,0.290076336,0.02,0.06,-0.17,-0.13,0.15,0,0.01,0.02,-0.15,0.65,0.05,-0.01,-0.23,-0.11,0.07,-0.04,-0.07,0.21,0.02,0.16,0.08,0,-0.05,-0.05,0.04,0.03,-0.01,0.01,-0.07,0.12,0.01,-0.01,0.01,-0.03,-0.13,-0.01,0,0.05,0.02,0.01,0.19,0.03,-0.49,-0.59,0.13,0.06,-0.05,0.01,-0.43,0.32,0.04,-0.07,-0.02,-0.16,-0.65,0.05,0.05,0.12,0.04,-0.03,-0.06,-0.02,0.16,0.22,-0.09,0,-0.01,-0.01,0.15,-0.21,-0.01,0,0,0.01,0.16,0.02,-0.02,-0.07,-0.06,-0.11,0.04,0.01,-0.03,-0.05,0.02,0.02,0,0,-0.09,0.06,0,-0.01,-0.03,-0.03,-0.07,-0.01,-0.01,0.03,0.01,-0.02,0.22,0.04,-0.19,-0.25,0.1,-0.03,-0.05,0.02,-0.19,0.43,0.02,-0.05,-0.17,-0.13,-0.24,-0.06,-0.03,0.19,-0.02,-0.06,0.09,0.01,0.03,0.04,0.03,0.05,0.01,0,0.03,0.1,0.01,0.01,0.07,0.02,0.03,0.05,0.03,0.04,0.02,0.04,0.41,0.23,0.35,0.1,0.77,0.13,0.22,0.54,0.12,0.13,0.77,0.1,0.12
0,0.052083333,0.041666667,0.041666667,0.09375,0.041666667,0.072916667,0.020833333,0.03125,0.0625,0.083333333,0.010416667,0.041666667,0.020833333,0.072916667,0.145833333,0.0625,0.0625,0.020833333,0.010416667,0.010416667,0.270833333,0.0625,0.229166667,0.135416667,0.302083333,0.01,0.17,-0.13,-0.17,0.18,0,0.01,0.15,-0.19,0.48,0.04,-0.02,-0.05,-0.2,0.2,-0.03,-0.12,0.1,0.01,0.03,0.03,0.01,-0.04,-0.07,0.05,0.04,-0.01,0.04,-0.09,0.09,0.01,-0.03,0,-0.06,-0.37,-0.01,0,0.02,0.01,0,0.08,0.08,-0.38,-0.77,0.15,0.07,-0.06,0.1,-0.55,0.23,0.04,-0.2,0,-0.3,-1.79,0.04,0.08,0.05,0.02,-0.01,-0.03,-0.04,0.12,0.28,-0.1,0,-0.01,-0.06,0.19,-0.15,-0.01,0.01,0,0.01,0.44,0.02,-0.02,-0.03,-0.04,-0.02,0.02,0.04,-0.02,-0.07,0.02,0.02,0,0.02,-0.11,0.04,0,-0.02,-0.01,-0.05,-0.2,-0.01,-0.01,0.01,0,0,0.09,0.1,-0.15,-0.33,0.12,-0.03,-0.07,0.14,-0.24,0.32,0.02,-0.15,-0.03,-0.26,-0.66,-0.05,-0.04,0.09,-0.01,-0.01,0.04,0.04,0.03,0.06,0.04,0.05,0.02,0.03,0.03,0.07,0.01,0.03,0.01,0.05,0.09,0.04,0.04,0.02,0.01,0.01,0.3,0.29,0.41,0.21,0.66,0.14,0.25,0.39,0.23,0.14,0.9,0.06,0.04
0,0.079545455,0.045454545,0.022727273,0.090909091,0.056818182,0.034090909,0.034090909,0.045454545,0.090909091,0.068181818,0.022727273,0.056818182,0.022727273,0.045454545,0.034090909,0.090909091,0.056818182,0.034090909,0.022727273,0.045454545,0.284090909,0.125,0.159090909,0.113636364,0.318181818,0.02,0.19,-0.07,-0.16,0.25,0,0.02,0.22,-0.28,0.39,0.1,-0.03,-0.05,-0.13,0.05,-0.05,-0.11,0.16,0.02,0.15,0.05,0.01,-0.02,-0.07,0.07,0.02,-0.01,0.06,-0.14,0.07,0.01,-0.04,0,-0.04,-0.09,-0.02,0,0.04,0.02,0.01,0.13,0.09,-0.21,-0.75,0.21,0.03,-0.1,0.14,-0.8,0.19,0.08,-0.27,0,-0.19,-0.42,0.05,0.07,0.09,0.04,-0.03,-0.04,-0.05,0.07,0.27,-0.14,0,-0.02,-0.08,0.27,-0.12,-0.03,0.01,0,0.01,0.1,0.03,-0.02,-0.05,-0.08,-0.1,0.02,0.04,-0.01,-0.06,0.03,0.01,0,0.03,-0.16,0.03,0.01,-0.03,-0.01,-0.03,-0.05,-0.01,-0.01,0.02,0.01,-0.02,0.14,0.11,-0.08,-0.32,0.16,-0.01,-0.11,0.2,-0.35,0.26,0.04,-0.2,-0.04,-0.16,-0.15,-0.07,-0.04,0.14,-0.02,-0.06,0.06,0.04,0.01,0.06,0.05,0.02,0.03,0.04,0.05,0.06,0.02,0.04,0.01,0.03,0.02,0.06,0.04,0.03,0.02,0.03,0.42,0.26,0.32,0.12,0.76,0.11,0.3,0.43,0.16,0.11,0.82,0.12,0.06
0,0.08045977,0.057471264,0.040229885,0.086206897,0.051724138,0.045977011,0.091954023,0.022988506,0.114942529,0.057471264,0.022988506,0.017241379,0.034482759,0.040229885,0.068965517,0.063218391,0.051724138,0.028735632,0,0.022988506,0.25862069,0.074712644,0.275862069,0.126436782,0.264367816,0.02,0.24,-0.12,-0.16,0.23,0,0.05,0.11,-0.36,0.33,0.1,-0.01,-0.08,-0.11,0.1,-0.03,-0.1,0.14,0,0.07,0.05,0.02,-0.04,-0.06,0.06,0.02,-0.04,0.03,-0.17,0.06,0.01,-0.01,0,-0.03,-0.17,-0.01,0,0.03,0,0.01,0.13,0.11,-0.37,-0.71,0.19,0.05,-0.28,0.07,-1.01,0.16,0.08,-0.08,-0.01,-0.16,-0.85,0.04,0.06,0.07,0,-0.02,-0.04,-0.06,0.12,0.26,-0.13,0,-0.05,-0.04,0.34,-0.1,-0.03,0,0,0.01,0.21,0.02,-0.02,-0.04,0,-0.05,0.02,0.05,-0.02,-0.06,0.03,0.01,-0.01,0.02,-0.21,0.03,0.01,-0.01,-0.01,-0.03,-0.1,-0.01,-0.01,0.02,0,-0.01,0.14,0.14,-0.14,-0.3,0.14,-0.02,-0.29,0.1,-0.45,0.22,0.04,-0.06,-0.06,-0.14,-0.31,-0.05,-0.04,0.12,0,-0.03,0.06,0.05,0.02,0.05,0.05,0.03,0.07,0.02,0.06,0.05,0.02,0.01,0.02,0.02,0.04,0.04,0.04,0.02,0,0.02,0.34,0.29,0.36,0.18,0.69,0.13,0.2,0.4,0.28,0.13,0.8,0.07,0.13
0,0.064935065,0.064935065,0.038961039,0.032467532,0.025974026,0.084415584,0.064935065,0.032467532,0.116883117,0.045454545,0.012987013,0.025974026,0.077922078,0.045454545,0.097402597,0.032467532,0.051948052,0.051948052,0.006493506,0.025974026,0.292207792,0.058441558,0.279220779,0.071428571,0.298701299,0.01,0.27,-0.12,-0.06,0.11,0,0.03,0.16,-0.36,0.26,0.05,-0.01,-0.17,-0.13,0.14,-0.02,-0.1,0.24,0.01,0.08,0.04,0.02,-0.04,-0.02,0.03,0.04,-0.03,0.04,-0.18,0.05,0.01,-0.02,0.01,-0.04,-0.25,-0.01,0,0.06,0.01,0.01,0.1,0.13,-0.36,-0.27,0.1,0.08,-0.19,0.1,-1.03,0.13,0.04,-0.12,-0.02,-0.19,-1.2,0.02,0.06,0.14,0.01,-0.02,-0.03,-0.06,0.12,0.1,-0.06,0,-0.03,-0.06,0.35,-0.08,-0.02,0.01,0,0.01,0.29,0.01,-0.02,-0.08,-0.02,-0.06,0.02,0.06,-0.02,-0.02,0.01,0.03,-0.01,0.02,-0.21,0.02,0.01,-0.01,-0.02,-0.03,-0.14,0,-0.01,0.03,0,-0.01,0.12,0.16,-0.14,-0.11,0.07,-0.03,-0.21,0.15,-0.46,0.17,0.02,-0.09,-0.12,-0.16,-0.44,-0.03,-0.04,0.22,-0.01,-0.03,0.05,0.06,0.02,0.02,0.02,0.06,0.05,0.03,0.06,0.04,0.01,0.02,0.05,0.03,0.06,0.02,0.04,0.04,0.01,0.02,0.33,0.28,0.39,0.21,0.71,0.07,0.18,0.47,0.28,0.07,0.8,0.06,0.14
0,0.06,0.06,0.053333333,0.046666667,0.026666667,0.046666667,0.106666667,0.02,0.086666667,0.06,0.026666667,0.02,0.093333333,0.033333333,0.113333333,0.04,0.046666667,0.033333333,0,0.026666667,0.246666667,0.053333333,0.306666667,0.1,0.293333333,0.01,0.25,-0.17,-0.08,0.12,0,0.05,0.1,-0.27,0.34,0.11,-0.01,-0.21,-0.09,0.16,-0.02,-0.09,0.16,0,0.09,0.04,0.02,-0.05,-0.03,0.03,0.02,-0.04,0.03,-0.13,0.06,0.02,-0.02,0.01,-0.03,-0.29,-0.01,0,0.04,0,0.01,0.1,0.12,-0.49,-0.38,0.1,0.05,-0.32,0.06,-0.76,0.17,0.09,-0.1,-0.02,-0.14,-1.39,0.02,0.06,0.09,0,-0.02,-0.03,-0.06,0.16,0.14,-0.07,0,-0.05,-0.04,0.26,-0.11,-0.03,0,0,0.01,0.34,0.01,-0.02,-0.05,0,-0.06,0.02,0.05,-0.03,-0.03,0.01,0.01,-0.01,0.01,-0.16,0.03,0.01,-0.01,-0.03,-0.02,-0.16,0,-0.01,0.02,0,-0.01,0.11,0.15,-0.19,-0.16,0.07,-0.02,-0.34,0.09,-0.34,0.23,0.05,-0.07,-0.15,-0.12,-0.51,-0.03,-0.03,0.14,0,-0.03,0.04,0.05,0.03,0.03,0.02,0.03,0.08,0.02,0.05,0.05,0.02,0.01,0.06,0.02,0.07,0.03,0.03,0.03,0,0.02,0.31,0.27,0.41,0.2,0.7,0.1,0.17,0.43,0.31,0.1,0.75,0.05,0.2
0,0.034682081,0.075144509,0.014450867,0.083815029,0.066473988,0.072254335,0.086705202,0.049132948,0.086705202,0.052023121,0.005780347,0.040462428,0.043352601,0.037572254,0.069364162,0.057803468,0.063583815,0.031791908,0.002890173,0.026011561,0.24566474,0.095375723,0.242774566,0.098265896,0.317919075,0.01,0.31,-0.04,-0.15,0.29,0,0.04,0.24,-0.27,0.3,0.02,-0.02,-0.1,-0.11,0.1,-0.03,-0.12,0.15,0,0.08,0.02,0.02,-0.01,-0.06,0.08,0.03,-0.03,0.07,-0.13,0.06,0,-0.03,0.01,-0.03,-0.18,-0.01,0,0.03,0,0.01,0.06,0.15,-0.13,-0.69,0.25,0.07,-0.26,0.15,-0.76,0.15,0.02,-0.19,-0.01,-0.15,-0.85,0.03,0.08,0.08,0.01,-0.02,-0.02,-0.08,0.04,0.25,-0.17,0,-0.04,-0.09,0.26,-0.09,-0.01,0.01,0,0.01,0.21,0.02,-0.03,-0.05,-0.01,-0.06,0.01,0.07,-0.01,-0.06,0.03,0.02,-0.01,0.03,-0.16,0.03,0,-0.02,-0.01,-0.03,-0.1,-0.01,-0.01,0.02,0,-0.01,0.06,0.19,-0.05,-0.29,0.19,-0.03,-0.28,0.22,-0.34,0.2,0.01,-0.14,-0.07,-0.13,-0.31,-0.05,-0.04,0.13,0,-0.03,0.03,0.07,0.01,0.05,0.06,0.05,0.07,0.04,0.05,0.04,0,0.03,0.03,0.02,0.04,0.04,0.04,0.03,0,0.02,0.34,0.32,0.34,0.16,0.75,0.1,0.23,0.43,0.24,0.1,0.77,0.1,0.13
0,0.058252427,0.024271845,0.058252427,0.050970874,0.031553398,0.050970874,0.026699029,0.031553398,0.072815534,0.065533981,0.024271845,0.024271845,0.09223301,0.029126214,0.053398058,0.13592233,0.080097087,0.055825243,0.016990291,0.016990291,0.286407767,0.065533981,0.152912621,0.109223301,0.38592233,0.01,0.1,-0.18,-0.09,0.14,0,0.01,0.15,-0.23,0.37,0.1,-0.01,-0.2,-0.08,0.07,-0.07,-0.15,0.26,0.02,0.05,0.04,0.01,-0.05,-0.04,0.04,0.02,-0.01,0.04,-0.11,0.07,0.02,-0.02,0.01,-0.02,-0.13,-0.02,0,0.06,0.01,0,0.09,0.05,-0.53,-0.42,0.12,0.05,-0.08,0.1,-0.64,0.18,0.08,-0.12,-0.02,-0.12,-0.66,0.08,0.1,0.14,0.03,-0.01,-0.03,-0.02,0.17,0.15,-0.08,0,-0.01,-0.06,0.22,-0.12,-0.03,0,0,0.01,0.16,0.04,-0.03,-0.08,-0.06,-0.04,0.02,0.02,-0.03,-0.04,0.02,0.02,0,0.02,-0.13,0.03,0.01,-0.01,-0.03,-0.02,-0.07,-0.01,-0.02,0.03,0.01,-0.01,0.1,0.06,-0.2,-0.18,0.09,-0.02,-0.09,0.14,-0.28,0.25,0.05,-0.08,-0.15,-0.1,-0.24,-0.11,-0.06,0.23,-0.02,-0.02,0.04,0.02,0.04,0.03,0.03,0.04,0.02,0.03,0.04,0.06,0.02,0.02,0.06,0.02,0.03,0.09,0.06,0.05,0.01,0.01,0.32,0.32,0.35,0.13,0.76,0.11,0.29,0.45,0.15,0.11,0.81,0.07,0.12
0,0.032407407,0,0.027777778,0.083333333,0.050925926,0.027777778,0.027777778,0.064814815,0.106481481,0.097222222,0.009259259,0.064814815,0.027777778,0.101851852,0.050925926,0.083333333,0.037037037,0.078703704,0.013888889,0.013888889,0.310185185,0.078703704,0.185185185,0.111111111,0.314814815,0.01,0,-0.09,-0.15,0.22,0,0.01,0.31,-0.33,0.55,0.04,-0.03,-0.06,-0.29,0.07,-0.04,-0.07,0.37,0.01,0.04,0.02,0,-0.02,-0.06,0.06,0.01,-0.01,0.09,-0.16,0.1,0.01,-0.05,0,-0.09,-0.13,-0.02,0,0.08,0.01,0,0.05,0,-0.26,-0.68,0.19,0.03,-0.08,0.2,-0.94,0.27,0.03,-0.31,-0.01,-0.42,-0.63,0.05,0.04,0.2,0.03,-0.01,-0.02,0,0.08,0.25,-0.13,0,-0.01,-0.12,0.32,-0.18,-0.01,0.01,0,0.02,0.15,0.02,-0.01,-0.12,-0.05,-0.03,0.01,0,-0.02,-0.06,0.03,0.01,0,0.05,-0.19,0.05,0,-0.03,-0.01,-0.07,-0.07,-0.01,-0.01,0.05,0,-0.01,0.06,0,-0.1,-0.29,0.14,-0.01,-0.09,0.29,-0.42,0.37,0.02,-0.23,-0.04,-0.36,-0.23,-0.07,-0.03,0.33,-0.01,-0.02,0.02,0,0.02,0.05,0.04,0.02,0.02,0.06,0.06,0.08,0.01,0.04,0.02,0.06,0.03,0.06,0.03,0.07,0.01,0.01,0.36,0.28,0.36,0.16,0.73,0.11,0.3,0.4,0.19,0.11,0.87,0.08,0.06
1,0.033333333,0.016666667,0.016666667,0.116666667,0.033333333,0.016666667,0.033333333,0.066666667,0.116666667,0.083333333,0.016666667,0.05,0,0.066666667,0.133333333,0.033333333,0.033333333,0.066666667,0.016666667,0.05,0.283333333,0.1,0.283333333,0.133333333,0.2,0.01,0.07,-0.05,-0.21,0.15,0,0.02,0.32,-0.36,0.48,0.07,-0.02,0,-0.19,0.19,-0.02,-0.06,0.31,0.02,0.16,0.02,0,-0.02,-0.09,0.04,0.01,-0.01,0.09,-0.18,0.09,0.01,-0.04,0,-0.06,-0.34,-0.01,0,0.07,0.01,0.01,0.05,0.03,-0.15,-0.96,0.12,0.02,-0.1,0.21,-1.03,0.23,0.06,-0.24,0,-0.27,-1.64,0.02,0.04,0.17,0.03,-0.03,-0.02,-0.02,0.05,0.35,-0.08,0,-0.02,-0.12,0.35,-0.15,-0.02,0.01,0,0.01,0.4,0.01,-0.01,-0.1,-0.06,-0.12,0.01,0.02,-0.01,-0.08,0.02,0,0,0.05,-0.21,0.04,0.01,-0.02,0,-0.05,-0.19,0,-0.01,0.04,0,-0.02,0.06,0.04,-0.06,-0.41,0.09,-0.01,-0.11,0.3,-0.46,0.32,0.03,-0.18,0,-0.23,-0.6,-0.03,-0.02,0.28,-0.02,-0.06,0.02,0.02,0.01,0.07,0.03,0.01,0.03,0.06,0.06,0.07,0.01,0.03,0,0.04,0.09,0.02,0.02,0.06,0.01,0.04,0.38,0.18,0.43,0.25,0.62,0.13,0.23,0.35,0.28,0.13,0.87,0.1,0.03
1,0.075757576,0.136363636,0.045454545,0.03030303,0.03030303,0.075757576,0.03030303,0.03030303,0.075757576,0.015151515,0.03030303,0.060606061,0.015151515,0.045454545,0.075757576,0.060606061,0.03030303,0.045454545,0.015151515,0.075757576,0.272727273,0.121212121,0.181818182,0.075757576,0.348484848,0.02,0.56,-0.14,-0.05,0.13,0,0.02,0.15,-0.23,0.09,0.13,-0.03,-0.03,-0.13,0.11,-0.03,-0.06,0.21,0.02,0.24,0.05,0.04,-0.04,-0.02,0.04,0.04,-0.01,0.04,-0.11,0.02,0.02,-0.05,0,-0.04,-0.19,-0.01,0,0.05,0.01,0.02,0.12,0.27,-0.42,-0.25,0.11,0.08,-0.09,0.09,-0.67,0.04,0.1,-0.29,0,-0.19,-0.93,0.04,0.04,0.12,0.03,-0.05,-0.04,-0.14,0.14,0.09,-0.08,0,-0.02,-0.05,0.23,-0.03,-0.04,0.01,0,0.01,0.23,0.02,-0.01,-0.07,-0.05,-0.17,0.02,0.12,-0.03,-0.02,0.02,0.02,0,0.02,-0.14,0.01,0.01,-0.03,0,-0.03,-0.11,-0.01,-0.01,0.03,0,-0.03,0.14,0.34,-0.16,-0.11,0.08,-0.03,-0.1,0.14,-0.3,0.06,0.06,-0.21,-0.02,-0.16,-0.34,-0.05,-0.02,0.19,-0.01,-0.1,0.06,0.12,0.03,0.02,0.03,0.05,0.02,0.03,0.04,0.01,0.03,0.04,0.01,0.03,0.05,0.04,0.02,0.04,0.01,0.06,0.45,0.24,0.3,0.15,0.77,0.08,0.27,0.47,0.18,0.08,0.83,0.12,0.05
1,0.1,0.16,0.04,0,0,0.08,0.02,0,0,0.06,0,0.12,0.04,0.02,0.08,0.02,0.16,0.04,0.04,0.02,0.28,0.06,0.1,0.04,0.52,0.02,0.66,-0.12,0,0,0,0.01,0,0,0.34,0,-0.06,-0.09,-0.06,0.11,-0.01,-0.3,0.19,0.04,0.06,0.06,0.05,-0.04,0,0,0.04,-0.01,0,0,0.06,0,-0.09,0,-0.02,-0.2,0,-0.01,0.04,0.03,0.01,0.16,0.32,-0.37,0,0,0.08,-0.06,0,0,0.17,0,-0.58,-0.01,-0.08,-0.98,0.01,0.19,0.1,0.08,-0.01,-0.05,-0.16,0.12,0,0,0,-0.01,0,0,-0.11,0,0.02,0,0,0.24,0.01,-0.06,-0.06,-0.14,-0.05,0.03,0.14,-0.02,0,0,0.02,0,0,0,0.03,0,-0.06,-0.01,-0.01,-0.11,0,-0.03,0.02,0.01,-0.01,0.18,0.4,-0.14,0,0,-0.03,-0.06,0,0,0.23,0,-0.42,-0.06,-0.07,-0.36,-0.02,-0.11,0.17,-0.04,-0.03,0.07,0.15,0.02,0,0,0.06,0.02,0,0,0.05,0,0.08,0.03,0.01,0.05,0.01,0.11,0.03,0.03,0.02,0.42,0.3,0.28,0.08,0.88,0.04,0.34,0.52,0.1,0.04,0.88,0.06,0.06
1,0,0.016666667,0.016666667,0.083333333,0.05,0.016666667,0.033333333,0.033333333,0.133333333,0.116666667,0.05,0.05,0.016666667,0.05,0.15,0.033333333,0.066666667,0.033333333,0.016666667,0.033333333,0.25,0.1,0.316666667,0.1,0.233333333,0,0.07,-0.05,-0.15,0.22,0,0.02,0.16,-0.41,0.66,0.21,-0.02,-0.04,-0.14,0.21,-0.02,-0.13,0.16,0.02,0.11,0,0,-0.02,-0.06,0.06,0.01,-0.01,0.05,-0.2,0.12,0.03,-0.04,0,-0.04,-0.38,-0.01,0,0.04,0.01,0.01,0,0.03,-0.15,-0.68,0.19,0.02,-0.1,0.1,-1.17,0.33,0.17,-0.24,0,-0.2,-1.84,0.02,0.08,0.09,0.03,-0.02,0,-0.02,0.05,0.25,-0.12,0,-0.02,-0.06,0.4,-0.21,-0.06,0.01,0,0.01,0.45,0.01,-0.03,-0.05,-0.06,-0.08,0,0.02,-0.01,-0.06,0.02,0,0,0.02,-0.24,0.06,0.02,-0.02,0,-0.03,-0.21,0,-0.01,0.02,0,-0.01,0,0.04,-0.06,-0.29,0.14,-0.01,-0.11,0.15,-0.52,0.44,0.1,-0.18,-0.03,-0.18,-0.68,-0.03,-0.05,0.14,-0.02,-0.04,0,0.02,0.01,0.05,0.04,0.01,0.03,0.03,0.07,0.1,0.04,0.03,0.01,0.03,0.1,0.02,0.05,0.03,0.01,0.03,0.35,0.2,0.45,0.28,0.62,0.1,0.23,0.35,0.32,0.1,0.85,0.1,0.05
1,0,0.016666667,0.016666667,0.083333333,0.066666667,0,0,0.066666667,0.15,0.083333333,0.033333333,0.066666667,0.016666667,0.066666667,0.15,0.033333333,0.05,0.033333333,0.016666667,0.05,0.216666667,0.133333333,0.3,0.1,0.25,0,0.07,-0.05,-0.15,0.29,0,0,0.32,-0.46,0.48,0.14,-0.03,-0.04,-0.19,0.21,-0.02,-0.1,0.16,0.02,0.16,0,0,-0.02,-0.06,0.08,0,0,0.09,-0.22,0.09,0.02,-0.05,0,-0.06,-0.38,-0.01,0,0.04,0.01,0.01,0,0.03,-0.15,-0.68,0.25,0,0,0.21,-1.32,0.23,0.11,-0.32,0,-0.27,-1.84,0.02,0.06,0.09,0.03,-0.03,0,-0.02,0.05,0.25,-0.17,0,0,-0.12,0.45,-0.15,-0.04,0.01,0,0.01,0.45,0.01,-0.02,-0.05,-0.06,-0.12,0,0.02,-0.01,-0.06,0.03,0,0,0.05,-0.27,0.04,0.01,-0.03,0,-0.05,-0.21,0,-0.01,0.02,0,-0.02,0,0.04,-0.06,-0.29,0.19,0,0,0.3,-0.58,0.32,0.06,-0.23,-0.03,-0.23,-0.68,-0.03,-0.03,0.14,-0.02,-0.06,0,0.02,0.01,0.05,0.06,0,0,0.06,0.08,0.07,0.03,0.04,0.01,0.04,0.1,0.02,0.03,0.03,0.01,0.04,0.37,0.15,0.48,0.3,0.6,0.1,0.27,0.33,0.3,0.1,0.85,0.13,0.02
1,0.033333333,0,0.016666667,0.083333333,0.033333333,0.016666667,0,0.066666667,0.166666667,0.05,0,0.05,0.016666667,0.05,0.15,0.033333333,0.1,0.083333333,0.016666667,0.033333333,0.25,0.083333333,0.316666667,0.1,0.25,0.01,0,-0.05,-0.15,0.15,0,0,0.32,-0.52,0.29,0,-0.02,-0.04,-0.14,0.21,-0.02,-0.19,0.39,0.02,0.11,0.02,0,-0.02,-0.06,0.04,0.01,0,0.09,-0.25,0.05,0,-0.04,0,-0.04,-0.38,-0.01,-0.01,0.09,0.01,0.01,0.05,0,-0.15,-0.68,0.12,0.02,0,0.21,-1.47,0.14,0,-0.24,0,-0.2,-1.84,0.02,0.12,0.22,0.03,-0.02,-0.02,0,0.05,0.25,-0.08,0,0,-0.12,0.5,-0.09,0,0.01,0,0.01,0.45,0.01,-0.04,-0.12,-0.06,-0.08,0.01,0,-0.01,-0.06,0.02,0,0,0.05,-0.3,0.02,0,-0.02,0,-0.03,-0.21,0,-0.02,0.05,0,-0.01,0.06,0,-0.06,-0.29,0.09,-0.01,0,0.3,-0.65,0.19,0,-0.18,-0.03,-0.18,-0.68,-0.03,-0.07,0.35,-0.02,-0.04,0.02,0,0.01,0.05,0.03,0.01,0,0.06,0.09,0.04,0,0.03,0.01,0.03,0.1,0.02,0.07,0.07,0.01,0.03,0.32,0.2,0.48,0.32,0.58,0.1,0.27,0.32,0.32,0.1,0.9,0.08,0.02
1,0.016666667,0,0.033333333,0.083333333,0.05,0.016666667,0,0.033333333,0.133333333,0.15,0.016666667,0.05,0.016666667,0.083333333,0.166666667,0.066666667,0.016666667,0.033333333,0.016666667,0.016666667,0.266666667,0.083333333,0.3,0.116666667,0.233333333,0,0,-0.1,-0.15,0.22,0,0,0.16,-0.41,0.86,0.07,-0.02,-0.04,-0.23,0.23,-0.03,-0.03,0.16,0.02,0.05,0.01,0,-0.03,-0.06,0.06,0.01,0,0.05,-0.2,0.16,0.01,-0.04,0,-0.07,-0.42,-0.01,0,0.04,0.01,0,0.03,0,-0.31,-0.68,0.19,0.02,0,0.1,-1.17,0.42,0.06,-0.24,0,-0.34,-2.05,0.04,0.02,0.09,0.03,-0.01,-0.01,0,0.1,0.25,-0.12,0,0,-0.06,0.4,-0.27,-0.02,0.01,0,0.02,0.5,0.02,-0.01,-0.05,-0.06,-0.04,0,0,-0.02,-0.06,0.02,0,0,0.02,-0.24,0.08,0.01,-0.02,0,-0.06,-0.23,-0.01,0,0.02,0,-0.01,0.03,0,-0.12,-0.29,0.14,-0.01,0,0.15,-0.52,0.57,0.03,-0.18,-0.03,-0.29,-0.75,-0.05,-0.01,0.14,-0.02,-0.02,0.01,0,0.02,0.05,0.04,0.01,0,0.03,0.07,0.13,0.01,0.03,0.01,0.05,0.11,0.04,0.01,0.03,0.01,0.01,0.33,0.18,0.48,0.3,0.58,0.12,0.23,0.35,0.3,0.12,0.9,0.08,0.02
1,0.078125,0,0.015625,0.0625,0.03125,0.03125,0.015625,0.046875,0.125,0.078125,0.03125,0.0625,0.0625,0.015625,0.09375,0.0625,0.125,0.015625,0.03125,0.015625,0.28125,0.078125,0.234375,0.078125,0.328125,0.02,0,-0.05,-0.11,0.14,0,0.01,0.22,-0.39,0.45,0.13,-0.03,-0.14,-0.04,0.13,-0.03,-0.24,0.07,0.03,0.05,0.05,0,-0.01,-0.05,0.04,0.02,-0.01,0.06,-0.19,0.08,0.02,-0.05,0.01,-0.01,-0.24,-0.01,-0.01,0.02,0.03,0,0.12,0,-0.14,-0.51,0.12,0.03,-0.05,0.15,-1.1,0.22,0.11,-0.3,-0.01,-0.06,-1.15,0.04,0.15,0.04,0.06,-0.01,-0.04,0,0.05,0.19,-0.08,0,-0.01,-0.08,0.38,-0.14,-0.04,0.01,0,0,0.28,0.02,-0.05,-0.02,-0.11,-0.04,0.02,0,-0.01,-0.04,0.02,0.01,0,0.03,-0.22,0.04,0.01,-0.03,-0.02,-0.01,-0.13,-0.01,-0.02,0.01,0.01,-0.01,0.14,0,-0.05,-0.22,0.09,-0.01,-0.05,0.21,-0.49,0.3,0.06,-0.22,-0.1,-0.05,-0.42,-0.05,-0.09,0.07,-0.03,-0.02,0.06,0,0.01,0.04,0.03,0.02,0.01,0.04,0.06,0.07,0.03,0.04,0.04,0.01,0.06,0.04,0.09,0.01,0.03,0.01,0.33,0.25,0.42,0.22,0.7,0.08,0.28,0.41,0.23,0.08,0.84,0.08,0.08
1,0.063492063,0,0.015873016,0.031746032,0.047619048,0.031746032,0.031746032,0.079365079,0.079365079,0.079365079,0.031746032,0.063492063,0.063492063,0.111111111,0.095238095,0.015873016,0.063492063,0.047619048,0.031746032,0.015873016,0.333333333,0.095238095,0.206349206,0.047619048,0.317460317,0.01,0,-0.05,-0.06,0.21,0,0.02,0.38,-0.25,0.45,0.13,-0.03,-0.14,-0.31,0.13,-0.01,-0.12,0.22,0.03,0.05,0.04,0,-0.01,-0.02,0.06,0.02,-0.01,0.11,-0.12,0.08,0.02,-0.05,0.01,-0.09,-0.24,0,0,0.05,0.03,0,0.1,0,-0.15,-0.26,0.18,0.03,-0.1,0.25,-0.7,0.22,0.11,-0.3,-0.01,-0.46,-1.17,0.01,0.08,0.12,0.06,-0.01,-0.03,0,0.05,0.1,-0.12,0,-0.02,-0.14,0.24,-0.14,-0.04,0.01,0,0.02,0.29,0,-0.03,-0.07,-0.11,-0.04,0.02,0,-0.01,-0.02,0.02,0.01,0,0.06,-0.14,0.04,0.01,-0.03,-0.02,-0.08,-0.13,0,-0.01,0.03,0.01,-0.01,0.11,0,-0.06,-0.11,0.13,-0.01,-0.1,0.36,-0.31,0.3,0.06,-0.22,-0.1,-0.39,-0.43,-0.01,-0.04,0.2,-0.03,-0.02,0.05,0,0.01,0.02,0.04,0.02,0.02,0.07,0.04,0.07,0.03,0.04,0.04,0.07,0.06,0.01,0.04,0.04,0.03,0.01,0.4,0.25,0.35,0.17,0.78,0.05,0.27,0.48,0.21,0.05,0.81,0.1,0.1
1,0.06557377,0.010928962,0.032786885,0.06557377,0.016393443,0.06557377,0.054644809,0.06010929,0.038251366,0.114754098,0.010928962,0.032786885,0.071038251,0.043715847,0.081967213,0.081967213,0.06010929,0.06557377,0.005464481,0.021857923,0.382513661,0.043715847,0.174863388,0.098360656,0.300546448,0.01,0.04,-0.1,-0.12,0.07,0,0.03,0.29,-0.12,0.65,0.05,-0.02,-0.16,-0.12,0.11,-0.04,-0.11,0.31,0.01,0.07,0.04,0,-0.03,-0.05,0.02,0.03,-0.02,0.08,-0.06,0.12,0.01,-0.03,0.01,-0.04,-0.21,-0.01,0,0.07,0,0.01,0.1,0.02,-0.3,-0.54,0.06,0.07,-0.16,0.19,-0.34,0.32,0.04,-0.16,-0.01,-0.18,-1.01,0.05,0.07,0.17,0.01,-0.02,-0.03,-0.01,0.1,0.2,-0.04,0,-0.03,-0.11,0.11,-0.21,-0.01,0.01,0,0.01,0.25,0.02,-0.02,-0.1,-0.02,-0.05,0.02,0.01,-0.02,-0.05,0.01,0.02,-0.01,0.04,-0.07,0.06,0,-0.02,-0.02,-0.03,-0.11,-0.01,-0.01,0.04,0,-0.01,0.12,0.03,-0.11,-0.23,0.05,-0.03,-0.17,0.27,-0.15,0.44,0.02,-0.11,-0.11,-0.15,-0.37,-0.07,-0.04,0.28,0,-0.03,0.05,0.01,0.02,0.04,0.01,0.05,0.04,0.05,0.02,0.1,0.01,0.02,0.05,0.03,0.05,0.05,0.04,0.06,0,0.02,0.37,0.31,0.32,0.12,0.78,0.1,0.24,0.49,0.17,0.1,0.83,0.04,0.13
1,0.065789474,0.118421053,0.039473684,0.026315789,0.052631579,0.092105263,0.026315789,0.026315789,0.065789474,0.065789474,0.026315789,0.026315789,0.039473684,0.039473684,0.092105263,0.065789474,0.065789474,0.052631579,0,0.013157895,0.328947368,0.065789474,0.184210526,0.065789474,0.355263158,0.01,0.49,-0.12,-0.05,0.23,0,0.01,0.13,-0.2,0.38,0.11,-0.01,-0.09,-0.11,0.13,-0.03,-0.12,0.25,0,0.04,0.04,0.03,-0.04,-0.02,0.06,0.04,-0.01,0.04,-0.1,0.07,0.02,-0.02,0,-0.03,-0.23,-0.01,0,0.06,0,0,0.11,0.24,-0.36,-0.22,0.19,0.09,-0.08,0.08,-0.58,0.18,0.09,-0.13,-0.01,-0.16,-1.13,0.04,0.08,0.14,0,-0.01,-0.03,-0.12,0.12,0.08,-0.13,0,-0.01,-0.05,0.2,-0.12,-0.03,0.01,0,0.01,0.28,0.02,-0.03,-0.08,0,-0.03,0.02,0.11,-0.02,-0.02,0.03,0.03,0,0.02,-0.12,0.03,0.01,-0.01,-0.01,-0.03,-0.13,-0.01,-0.01,0.03,0,-0.01,0.12,0.3,-0.14,-0.09,0.15,-0.04,-0.08,0.12,-0.26,0.25,0.05,-0.09,-0.06,-0.14,-0.41,-0.05,-0.05,0.22,0,-0.02,0.05,0.11,0.02,0.02,0.05,0.07,0.02,0.02,0.03,0.06,0.02,0.02,0.03,0.02,0.06,0.04,0.05,0.05,0,0.01,0.42,0.29,0.29,0.16,0.78,0.07,0.21,0.54,0.18,0.07,0.87,0.07,0.07
1,0.039473684,0.131578947,0.052631579,0.013157895,0.052631579,0.092105263,0.039473684,0.052631579,0.092105263,0.039473684,0.013157895,0.039473684,0,0.052631579,0.105263158,0.065789474,0.013157895,0.065789474,0,0.039473684,0.302631579,0.092105263,0.236842105,0.065789474,0.302631579,0.01,0.54,-0.16,-0.02,0.23,0,0.02,0.25,-0.29,0.22,0.06,-0.02,0,-0.15,0.15,-0.03,-0.02,0.31,0,0.13,0.02,0.04,-0.05,-0.01,0.06,0.04,-0.02,0.07,-0.14,0.04,0.01,-0.03,0,-0.04,-0.27,-0.01,0,0.07,0,0.01,0.06,0.26,-0.48,-0.11,0.19,0.09,-0.12,0.16,-0.81,0.11,0.04,-0.19,0,-0.22,-1.29,0.04,0.02,0.17,0,-0.03,-0.02,-0.13,0.16,0.04,-0.13,0,-0.02,-0.09,0.28,-0.07,-0.02,0.01,0,0.01,0.32,0.02,-0.01,-0.1,0,-0.09,0.01,0.12,-0.03,-0.01,0.03,0.03,0,0.04,-0.17,0.02,0.01,-0.02,0,-0.04,-0.15,-0.01,0,0.04,0,-0.02,0.07,0.33,-0.18,-0.05,0.15,-0.04,-0.13,0.24,-0.36,0.15,0.02,-0.14,0,-0.18,-0.47,-0.05,-0.01,0.28,0,-0.05,0.03,0.12,0.03,0.01,0.05,0.07,0.03,0.05,0.05,0.03,0.01,0.02,0,0.03,0.07,0.04,0.01,0.06,0,0.03,0.43,0.26,0.3,0.2,0.74,0.07,0.21,0.49,0.24,0.07,0.87,0.09,0.04
1,0.026315789,0.118421053,0.026315789,0.039473684,0.039473684,0.065789474,0.052631579,0.026315789,0.092105263,0.039473684,0.013157895,0.052631579,0.013157895,0.065789474,0.131578947,0.052631579,0.039473684,0.065789474,0,0.039473684,0.236842105,0.078947368,0.276315789,0.065789474,0.342105263,0.01,0.49,-0.08,-0.07,0.17,0,0.03,0.13,-0.29,0.22,0.06,-0.03,-0.03,-0.18,0.18,-0.03,-0.08,0.31,0,0.13,0.02,0.03,-0.02,-0.03,0.05,0.03,-0.02,0.04,-0.14,0.04,0.01,-0.04,0,-0.06,-0.33,-0.01,0,0.07,0,0.01,0.04,0.24,-0.24,-0.32,0.15,0.07,-0.16,0.08,-0.81,0.11,0.04,-0.25,0,-0.27,-1.62,0.03,0.05,0.17,0,-0.03,-0.01,-0.12,0.08,0.12,-0.1,0,-0.03,-0.05,0.28,-0.07,-0.02,0.01,0,0.01,0.39,0.02,-0.02,-0.1,0,-0.09,0.01,0.11,-0.02,-0.03,0.02,0.02,-0.01,0.02,-0.17,0.02,0.01,-0.03,0,-0.05,-0.18,-0.01,-0.01,0.04,0,-0.02,0.05,0.3,-0.09,-0.14,0.11,-0.03,-0.17,0.12,-0.36,0.15,0.02,-0.18,-0.02,-0.23,-0.59,-0.04,-0.03,0.28,0,-0.05,0.02,0.11,0.02,0.02,0.03,0.05,0.04,0.02,0.05,0.03,0.01,0.03,0.01,0.04,0.08,0.03,0.03,0.06,0,0.03,0.37,0.28,0.36,0.22,0.71,0.07,0.25,0.41,0.28,0.07,0.86,0.08,0.07
1,0.075757576,0.151515152,0.045454545,0.03030303,0.03030303,0.106060606,0.03030303,0.045454545,0.075757576,0.060606061,0.015151515,0.045454545,0.015151515,0.045454545,0.075757576,0.03030303,0.015151515,0.075757576,0,0.03030303,0.378787879,0.060606061,0.181818182,0.075757576,0.303030303,0.02,0.62,-0.14,-0.05,0.13,0,0.02,0.22,-0.23,0.35,0.06,-0.02,-0.03,-0.13,0.11,-0.02,-0.03,0.36,0,0.1,0.05,0.04,-0.04,-0.02,0.04,0.05,-0.01,0.06,-0.11,0.06,0.01,-0.04,0,-0.04,-0.19,-0.01,0,0.08,0,0.01,0.12,0.3,-0.42,-0.25,0.11,0.11,-0.09,0.14,-0.67,0.17,0.05,-0.22,0,-0.19,-0.93,0.02,0.02,0.2,0,-0.02,-0.04,-0.15,0.14,0.09,-0.08,0,-0.02,-0.08,0.23,-0.11,-0.02,0.01,0,0.01,0.23,0.01,-0.01,-0.11,0,-0.07,0.02,0.14,-0.03,-0.02,0.02,0.03,0,0.03,-0.14,0.03,0.01,-0.02,0,-0.03,-0.11,0,0,0.05,0,-0.01,0.14,0.38,-0.16,-0.11,0.08,-0.04,-0.1,0.2,-0.3,0.23,0.03,-0.16,-0.02,-0.16,-0.34,-0.02,-0.01,0.32,0,-0.04,0.06,0.14,0.03,0.02,0.03,0.08,0.02,0.04,0.04,0.05,0.01,0.03,0.01,0.03,0.05,0.02,0.01,0.07,0,0.02,0.48,0.23,0.29,0.15,0.77,0.08,0.17,0.58,0.18,0.08,0.89,0.06,0.05
1,0.064171123,0.021390374,0.032085561,0.080213904,0.032085561,0.058823529,0.016042781,0.07486631,0.042780749,0.069518717,0,0.048128342,0.053475936,0.042780749,0.122994652,0.090909091,0.037433155,0.07486631,0.016042781,0.021390374,0.342245989,0.069518717,0.181818182,0.112299465,0.294117647,0.01,0.09,-0.1,-0.14,0.14,0,0.01,0.36,-0.13,0.4,0,-0.02,-0.12,-0.12,0.17,-0.05,-0.07,0.35,0.02,0.07,0.04,0.01,-0.03,-0.06,0.04,0.03,-0.01,0.1,-0.06,0.07,0,-0.04,0.01,-0.04,-0.31,-0.02,0,0.08,0.01,0.01,0.1,0.04,-0.3,-0.66,0.12,0.06,-0.05,0.23,-0.38,0.19,0,-0.23,-0.01,-0.18,-1.51,0.05,0.04,0.19,0.03,-0.01,-0.03,-0.02,0.1,0.24,-0.08,0,-0.01,-0.13,0.13,-0.13,0,0.01,0,0.01,0.37,0.03,-0.01,-0.11,-0.05,-0.05,0.02,0.02,-0.02,-0.06,0.02,0.02,0,0.05,-0.08,0.03,0,-0.02,-0.02,-0.03,-0.17,-0.01,-0.01,0.04,0,-0.01,0.12,0.05,-0.11,-0.28,0.09,-0.02,-0.05,0.34,-0.17,0.26,0,-0.17,-0.09,-0.15,-0.55,-0.07,-0.03,0.31,-0.01,-0.03,0.05,0.02,0.02,0.05,0.03,0.04,0.01,0.07,0.02,0.06,0,0.03,0.03,0.03,0.08,0.06,0.03,0.06,0.01,0.02,0.37,0.25,0.38,0.17,0.72,0.11,0.24,0.47,0.18,0.11,0.86,0.07,0.07
1,0.047368421,0.021052632,0.026315789,0.078947368,0.026315789,0.073684211,0.036842105,0.068421053,0.057894737,0.063157895,0.010526316,0.026315789,0.047368421,0.052631579,0.136842105,0.068421053,0.052631579,0.068421053,0.015789474,0.021052632,0.331578947,0.063157895,0.231578947,0.105263158,0.268421053,0.01,0.09,-0.08,-0.14,0.12,0,0.02,0.33,-0.18,0.36,0.04,-0.01,-0.1,-0.15,0.19,-0.03,-0.1,0.32,0.02,0.07,0.03,0.01,-0.02,-0.06,0.03,0.04,-0.01,0.09,-0.09,0.07,0.01,-0.02,0.01,-0.04,-0.35,-0.01,0,0.07,0.01,0.01,0.08,0.04,-0.24,-0.65,0.1,0.07,-0.11,0.21,-0.51,0.18,0.04,-0.13,-0.01,-0.22,-1.68,0.04,0.06,0.18,0.03,-0.01,-0.02,-0.02,0.08,0.24,-0.07,0,-0.02,-0.12,0.17,-0.11,-0.01,0.01,0,0.01,0.41,0.02,-0.02,-0.1,-0.05,-0.05,0.01,0.02,-0.02,-0.06,0.01,0.02,0,0.05,-0.1,0.03,0,-0.01,-0.01,-0.04,-0.19,-0.01,-0.01,0.04,0,-0.01,0.09,0.05,-0.09,-0.28,0.07,-0.03,-0.12,0.31,-0.23,0.24,0.02,-0.09,-0.08,-0.18,-0.62,-0.05,-0.04,0.29,-0.01,-0.03,0.04,0.02,0.02,0.05,0.02,0.05,0.03,0.06,0.03,0.05,0.01,0.02,0.03,0.03,0.09,0.05,0.04,0.06,0.01,0.02,0.34,0.28,0.37,0.19,0.7,0.11,0.22,0.44,0.23,0.11,0.85,0.06,0.08
1,0.063492063,0.015873016,0,0.095238095,0.047619048,0.031746032,0.015873016,0.063492063,0.126984127,0.047619048,0,0.111111111,0.031746032,0.031746032,0.095238095,0.079365079,0.031746032,0.031746032,0.015873016,0.063492063,0.238095238,0.126984127,0.238095238,0.095238095,0.301587302,0.01,0.07,0,-0.17,0.21,0,0.01,0.3,-0.39,0.27,0,-0.06,-0.07,-0.09,0.13,-0.04,-0.06,0.15,0.02,0.2,0.04,0,0,-0.07,0.06,0.02,-0.01,0.09,-0.19,0.05,0,-0.09,0,-0.03,-0.24,-0.01,0,0.03,0.01,0.02,0.1,0.03,0,-0.78,0.18,0.03,-0.05,0.2,-1.12,0.13,0,-0.53,-0.01,-0.13,-1.17,0.05,0.04,0.08,0.03,-0.04,-0.03,-0.02,0,0.29,-0.12,0,-0.01,-0.11,0.38,-0.09,0,0.02,0,0.01,0.29,0.02,-0.01,-0.05,-0.05,-0.15,0.02,0.01,0,-0.07,0.02,0.01,0,0.04,-0.23,0.02,0,-0.06,-0.01,-0.02,-0.13,-0.01,-0.01,0.02,0,-0.03,0.11,0.04,0,-0.33,0.13,-0.01,-0.05,0.29,-0.5,0.18,0,-0.39,-0.05,-0.11,-0.43,-0.06,-0.02,0.13,-0.01,-0.08,0.05,0.01,0,0.06,0.04,0.02,0.01,0.06,0.07,0.04,0,0.07,0.02,0.02,0.06,0.05,0.02,0.03,0.01,0.05,0.35,0.19,0.46,0.22,0.68,0.1,0.32,0.35,0.24,0.1,0.83,0.13,0.05
1,0.063492063,0,0.015873016,0.031746032,0.031746032,0.031746032,0.047619048,0.063492063,0.079365079,0.095238095,0.031746032,0.095238095,0.063492063,0.079365079,0.079365079,0.031746032,0.063492063,0.047619048,0.031746032,0.015873016,0.333333333,0.079365079,0.206349206,0.047619048,0.333333333,0.01,0,-0.05,-0.06,0.14,0,0.02,0.3,-0.25,0.54,0.13,-0.05,-0.14,-0.22,0.11,-0.02,-0.12,0.22,0.03,0.05,0.04,0,-0.01,-0.02,0.04,0.02,-0.02,0.09,-0.12,0.1,0.02,-0.07,0.01,-0.07,-0.2,-0.01,0,0.05,0.03,0,0.1,0,-0.15,-0.26,0.12,0.03,-0.14,0.2,-0.7,0.27,0.11,-0.46,-0.01,-0.33,-0.98,0.02,0.08,0.12,0.06,-0.01,-0.03,0,0.05,0.1,-0.08,0,-0.02,-0.11,0.24,-0.17,-0.04,0.02,0,0.02,0.24,0.01,-0.03,-0.07,-0.11,-0.04,0.02,0,-0.01,-0.02,0.02,0.01,0,0.04,-0.14,0.05,0.01,-0.05,-0.02,-0.06,-0.11,0,-0.01,0.03,0.01,-0.01,0.11,0,-0.06,-0.11,0.09,-0.01,-0.15,0.29,-0.31,0.36,0.06,-0.33,-0.1,-0.28,-0.36,-0.03,-0.04,0.2,-0.03,-0.02,0.05,0,0.01,0.02,0.03,0.02,0.04,0.06,0.04,0.08,0.03,0.06,0.04,0.05,0.05,0.02,0.04,0.04,0.03,0.01,0.38,0.25,0.37,0.16,0.79,0.05,0.29,0.46,0.21,0.05,0.81,0.08,0.11
1,0.051851852,0.014814815,0.02962963,0.118518519,0.066666667,0.037037037,0.007407407,0.051851852,0.103703704,0.118518519,0.022222222,0.059259259,0.022222222,0.051851852,0.088888889,0.051851852,0.051851852,0.02962963,0.014814815,0.007407407,0.311111111,0.088888889,0.2,0.148148148,0.251851852,0.01,0.06,-0.09,-0.21,0.29,0,0,0.25,-0.32,0.68,0.09,-0.03,-0.05,-0.15,0.12,-0.03,-0.1,0.14,0.01,0.02,0.03,0,-0.03,-0.09,0.08,0.02,0,0.07,-0.16,0.13,0.01,-0.05,0,-0.04,-0.22,-0.01,0,0.03,0.01,0,0.08,0.03,-0.27,-0.97,0.25,0.04,-0.02,0.16,-0.91,0.33,0.08,-0.28,0,-0.21,-1.09,0.03,0.06,0.08,0.03,-0.01,-0.03,-0.01,0.09,0.36,-0.17,0,0,-0.09,0.31,-0.21,-0.03,0.01,0,0.01,0.27,0.02,-0.02,-0.04,-0.05,-0.02,0.02,0.01,-0.02,-0.08,0.03,0.01,0,0.04,-0.19,0.06,0.01,-0.03,-0.01,-0.04,-0.12,-0.01,-0.01,0.02,0,0,0.09,0.04,-0.1,-0.41,0.19,-0.01,-0.02,0.23,-0.4,0.45,0.04,-0.21,-0.04,-0.18,-0.4,-0.04,-0.04,0.12,-0.01,-0.01,0.04,0.01,0.02,0.07,0.06,0.03,0.01,0.05,0.05,0.1,0.02,0.04,0.01,0.03,0.06,0.03,0.04,0.03,0.01,0.01,0.38,0.2,0.42,0.19,0.66,0.15,0.22,0.43,0.2,0.15,0.88,0.09,0.03
1,0.059259259,0.02962963,0.044444444,0.081481481,0.059259259,0.051851852,0.014814815,0.02962963,0.118518519,0.118518519,0.014814815,0.02962963,0.02962963,0.059259259,0.066666667,0.059259259,0.059259259,0.051851852,0.014814815,0.007407407,0.325925926,0.081481481,0.2,0.125925926,0.266666667,0.01,0.12,-0.14,-0.15,0.26,0,0.01,0.14,-0.37,0.68,0.06,-0.01,-0.07,-0.17,0.09,-0.03,-0.11,0.24,0.01,0.02,0.04,0.01,-0.04,-0.06,0.07,0.02,-0.01,0.04,-0.18,0.13,0.01,-0.02,0,-0.05,-0.17,-0.01,0,0.06,0.01,0,0.09,0.06,-0.41,-0.67,0.22,0.05,-0.04,0.09,-1.04,0.33,0.05,-0.14,-0.01,-0.24,-0.82,0.04,0.07,0.13,0.03,-0.01,-0.03,-0.03,0.13,0.24,-0.15,0,-0.01,-0.05,0.36,-0.21,-0.02,0.01,0,0.01,0.2,0.02,-0.02,-0.08,-0.05,-0.02,0.02,0.03,-0.03,-0.06,0.03,0.02,0,0.02,-0.21,0.06,0.01,-0.01,-0.01,-0.04,-0.09,-0.01,-0.01,0.03,0,0,0.11,0.07,-0.16,-0.29,0.17,-0.02,-0.05,0.13,-0.46,0.45,0.03,-0.1,-0.05,-0.21,-0.3,-0.05,-0.04,0.22,-0.01,-0.01,0.04,0.03,0.03,0.05,0.05,0.04,0.01,0.03,0.06,0.1,0.01,0.02,0.02,0.04,0.04,0.04,0.04,0.04,0.01,0.01,0.39,0.24,0.37,0.19,0.69,0.13,0.21,0.46,0.2,0.13,0.87,0.08,0.04
1,0.044444444,0.02962963,0.02962963,0.059259259,0.051851852,0.051851852,0.007407407,0.044444444,0.111111111,0.140740741,0.007407407,0.037037037,0.022222222,0.096296296,0.088888889,0.044444444,0.051851852,0.059259259,0.014814815,0.007407407,0.348148148,0.074074074,0.207407407,0.088888889,0.281481481,0.01,0.12,-0.09,-0.11,0.23,0,0,0.21,-0.34,0.8,0.03,-0.02,-0.05,-0.27,0.12,-0.02,-0.1,0.28,0.01,0.02,0.03,0.01,-0.03,-0.04,0.06,0.02,0,0.06,-0.17,0.15,0,-0.03,0,-0.08,-0.22,-0.01,0,0.06,0.01,0,0.07,0.06,-0.27,-0.49,0.19,0.05,-0.02,0.14,-0.98,0.39,0.03,-0.18,0,-0.39,-1.09,0.03,0.06,0.15,0.03,-0.01,-0.02,-0.03,0.09,0.18,-0.13,0,0,-0.08,0.33,-0.25,-0.01,0.01,0,0.02,0.27,0.01,-0.02,-0.09,-0.05,-0.02,0.01,0.03,-0.02,-0.04,0.03,0.02,0,0.03,-0.2,0.07,0,-0.02,-0.01,-0.07,-0.12,0,-0.01,0.04,0,0,0.08,0.07,-0.1,-0.21,0.15,-0.02,-0.02,0.2,-0.43,0.53,0.01,-0.13,-0.04,-0.34,-0.4,-0.04,-0.04,0.25,-0.01,-0.01,0.03,0.03,0.02,0.04,0.05,0.04,0.01,0.04,0.06,0.12,0.01,0.02,0.01,0.06,0.06,0.03,0.04,0.05,0.01,0.01,0.4,0.25,0.35,0.2,0.71,0.09,0.24,0.47,0.21,0.09,0.9,0.07,0.03
1,0.053333333,0.12,0.013333333,0.066666667,0.066666667,0.08,0.04,0.04,0.12,0.04,0.04,0.053333333,0,0.04,0.106666667,0.04,0.013333333,0.026666667,0,0.04,0.28,0.106666667,0.266666667,0.08,0.266666667,0.01,0.49,-0.04,-0.12,0.29,0,0.02,0.19,-0.37,0.23,0.17,-0.03,0,-0.11,0.15,-0.02,-0.03,0.13,0,0.13,0.03,0.03,-0.01,-0.05,0.08,0.04,-0.02,0.06,-0.18,0.04,0.03,-0.04,0,-0.03,-0.27,-0.01,0,0.03,0,0.01,0.09,0.24,-0.12,-0.55,0.25,0.08,-0.12,0.12,-1.06,0.11,0.14,-0.26,0,-0.16,-1.31,0.02,0.02,0.07,0,-0.03,-0.03,-0.12,0.04,0.2,-0.17,0,-0.02,-0.07,0.36,-0.07,-0.05,0.01,0,0.01,0.32,0.01,-0.01,-0.04,0,-0.09,0.02,0.11,-0.01,-0.05,0.03,0.02,0,0.03,-0.22,0.02,0.02,-0.03,0,-0.03,-0.15,0,0,0.02,0,-0.02,0.1,0.3,-0.05,-0.23,0.19,-0.03,-0.13,0.18,-0.47,0.15,0.08,-0.19,0,-0.14,-0.48,-0.03,-0.01,0.11,0,-0.05,0.04,0.11,0.01,0.04,0.06,0.06,0.03,0.04,0.06,0.03,0.03,0.03,0,0.02,0.07,0.03,0.01,0.02,0,0.03,0.43,0.21,0.36,0.23,0.69,0.08,0.19,0.47,0.27,0.08,0.85,0.11,0.04
1,0.026086957,0.095652174,0.060869565,0.017391304,0.043478261,0,0.113043478,0.034782609,0.147826087,0.130434783,0.017391304,0.026086957,0.017391304,0.026086957,0.052173913,0.052173913,0.069565217,0.026086957,0,0.043478261,0.234782609,0.086956522,0.313043478,0.07826087,0.286956522,0.01,0.39,-0.19,-0.03,0.19,0,0.06,0.17,-0.46,0.74,0.07,-0.01,-0.04,-0.07,0.07,-0.03,-0.13,0.12,0,0.14,0.02,0.03,-0.05,-0.01,0.05,0,-0.05,0.05,-0.22,0.14,0.01,-0.02,0,-0.02,-0.13,-0.01,0,0.03,0,0.01,0.04,0.19,-0.56,-0.14,0.16,0,-0.34,0.11,-1.3,0.37,0.06,-0.13,0,-0.11,-0.64,0.03,0.08,0.07,0,-0.03,-0.01,-0.1,0.18,0.05,-0.11,0,-0.06,-0.06,0.44,-0.23,-0.02,0.01,0,0.01,0.16,0.02,-0.03,-0.04,0,-0.1,0.01,0.09,-0.04,-0.01,0.02,0,-0.01,0.02,-0.27,0.07,0.01,-0.01,-0.01,-0.02,-0.07,-0.01,-0.01,0.02,0,-0.02,0.05,0.24,-0.21,-0.06,0.12,0,-0.36,0.16,-0.58,0.5,0.03,-0.09,-0.03,-0.09,-0.23,-0.04,-0.05,0.11,0,-0.06,0.02,0.09,0.04,0.01,0.04,0,0.09,0.03,0.08,0.11,0.01,0.02,0.01,0.02,0.03,0.03,0.05,0.02,0,0.03,0.42,0.26,0.32,0.2,0.72,0.08,0.22,0.39,0.31,0.08,0.78,0.09,0.13
1,0.015151515,0.136363636,0.03030303,0.03030303,0.060606061,0.075757576,0.03030303,0.045454545,0.090909091,0.015151515,0.03030303,0.060606061,0,0.060606061,0.090909091,0.060606061,0.03030303,0.075757576,0,0.060606061,0.257575758,0.121212121,0.212121212,0.060606061,0.348484848,0,0.56,-0.09,-0.05,0.27,0,0.02,0.22,-0.28,0.09,0.13,-0.03,0,-0.17,0.13,-0.03,-0.06,0.36,0,0.19,0.01,0.04,-0.03,-0.02,0.07,0.04,-0.01,0.06,-0.14,0.02,0.02,-0.05,0,-0.05,-0.23,-0.01,0,0.08,0,0.02,0.02,0.27,-0.28,-0.25,0.22,0.08,-0.09,0.14,-0.8,0.04,0.1,-0.29,0,-0.25,-1.12,0.04,0.04,0.2,0,-0.04,-0.01,-0.14,0.09,0.09,-0.15,0,-0.02,-0.08,0.27,-0.03,-0.04,0.01,0,0.01,0.27,0.02,-0.01,-0.11,0,-0.14,0,0.12,-0.02,-0.02,0.03,0.02,0,0.03,-0.16,0.01,0.01,-0.03,0,-0.04,-0.13,-0.01,-0.01,0.05,0,-0.02,0.03,0.34,-0.11,-0.11,0.17,-0.03,-0.1,0.2,-0.35,0.06,0.06,-0.21,0,-0.21,-0.41,-0.05,-0.02,0.32,0,-0.08,0.01,0.12,0.02,0.02,0.05,0.05,0.02,0.04,0.05,0.01,0.03,0.04,0,0.04,0.06,0.04,0.02,0.07,0,0.05,0.44,0.26,0.3,0.18,0.76,0.06,0.27,0.45,0.21,0.06,0.85,0.12,0.03
1,0.064935065,0.064935065,0.038961039,0.051948052,0.025974026,0.064935065,0.025974026,0.077922078,0.077922078,0.064935065,0,0.025974026,0.038961039,0.025974026,0.12987013,0.064935065,0.051948052,0.012987013,0.012987013,0.077922078,0.285714286,0.116883117,0.233766234,0.090909091,0.272727273,0.01,0.27,-0.12,-0.09,0.11,0,0.01,0.37,-0.24,0.37,0,-0.01,-0.09,-0.07,0.18,-0.03,-0.1,0.06,0.01,0.25,0.04,0.02,-0.04,-0.04,0.03,0.03,-0.01,0.11,-0.12,0.07,0,-0.02,0,-0.02,-0.33,-0.01,0,0.01,0.01,0.02,0.1,0.13,-0.36,-0.43,0.1,0.06,-0.08,0.24,-0.69,0.18,0,-0.12,-0.01,-0.11,-1.6,0.04,0.06,0.03,0.02,-0.05,-0.03,-0.06,0.12,0.16,-0.06,0,-0.01,-0.14,0.23,-0.12,0,0.01,0,0.01,0.39,0.02,-0.02,-0.02,-0.04,-0.18,0.02,0.06,-0.02,-0.04,0.01,0.02,0,0.05,-0.14,0.03,0,-0.01,-0.01,-0.02,-0.18,-0.01,-0.01,0.01,0,-0.03,0.12,0.16,-0.14,-0.18,0.07,-0.03,-0.08,0.35,-0.3,0.25,0,-0.09,-0.06,-0.09,-0.58,-0.05,-0.04,0.05,-0.01,-0.1,0.05,0.06,0.02,0.03,0.02,0.05,0.02,0.07,0.04,0.06,0,0.02,0.02,0.02,0.08,0.04,0.04,0.01,0.01,0.06,0.4,0.23,0.36,0.21,0.7,0.09,0.25,0.43,0.23,0.09,0.82,0.12,0.06
1,0.039473684,0.118421053,0.039473684,0.013157895,0.039473684,0.078947368,0.026315789,0.065789474,0.065789474,0.052631579,0.013157895,0.065789474,0.026315789,0.065789474,0.118421053,0.078947368,0.026315789,0.039473684,0,0.026315789,0.289473684,0.065789474,0.210526316,0.052631579,0.381578947,0.01,0.49,-0.12,-0.02,0.17,0,0.01,0.32,-0.2,0.3,0.06,-0.03,-0.06,-0.18,0.17,-0.04,-0.05,0.19,0,0.08,0.02,0.03,-0.04,-0.01,0.05,0.04,-0.01,0.09,-0.1,0.06,0.01,-0.05,0,-0.06,-0.3,-0.01,0,0.04,0,0.01,0.06,0.24,-0.36,-0.11,0.15,0.08,-0.08,0.2,-0.58,0.15,0.04,-0.32,-0.01,-0.27,-1.46,0.05,0.03,0.1,0,-0.02,-0.02,-0.12,0.12,0.04,-0.1,0,-0.01,-0.12,0.2,-0.09,-0.02,0.01,0,0.01,0.36,0.02,-0.01,-0.06,0,-0.06,0.01,0.11,-0.02,-0.01,0.02,0.02,0,0.05,-0.12,0.03,0.01,-0.03,-0.01,-0.05,-0.17,-0.01,-0.01,0.02,0,-0.01,0.07,0.3,-0.14,-0.05,0.11,-0.03,-0.08,0.3,-0.26,0.2,0.02,-0.23,-0.04,-0.23,-0.53,-0.06,-0.02,0.17,0,-0.03,0.03,0.11,0.02,0.01,0.03,0.06,0.02,0.06,0.03,0.04,0.01,0.04,0.02,0.04,0.08,0.05,0.02,0.03,0,0.02,0.39,0.28,0.33,0.18,0.76,0.05,0.26,0.47,0.21,0.05,0.88,0.07,0.05
1,0.026315789,0.118421053,0.065789474,0.039473684,0.026315789,0.078947368,0.026315789,0.065789474,0.118421053,0.039473684,0.026315789,0.026315789,0,0.052631579,0.118421053,0.039473684,0.026315789,0.039473684,0,0.065789474,0.276315789,0.092105263,0.263157895,0.105263158,0.263157895,0.01,0.49,-0.2,-0.07,0.12,0,0.01,0.32,-0.37,0.22,0.11,-0.01,0,-0.15,0.17,-0.02,-0.05,0.19,0,0.21,0.02,0.03,-0.06,-0.03,0.03,0.04,-0.01,0.09,-0.18,0.04,0.02,-0.02,0,-0.04,-0.3,-0.01,0,0.04,0,0.02,0.04,0.24,-0.61,-0.32,0.1,0.08,-0.08,0.2,-1.04,0.11,0.09,-0.13,0,-0.22,-1.46,0.02,0.03,0.1,0,-0.05,-0.01,-0.12,0.2,0.12,-0.07,0,-0.01,-0.12,0.36,-0.07,-0.03,0.01,0,0.01,0.36,0.01,-0.01,-0.06,0,-0.15,0.01,0.11,-0.04,-0.03,0.01,0.02,0,0.05,-0.21,0.02,0.01,-0.01,0,-0.04,-0.17,0,-0.01,0.02,0,-0.03,0.05,0.3,-0.23,-0.14,0.07,-0.03,-0.08,0.3,-0.46,0.15,0.05,-0.09,0,-0.18,-0.53,-0.03,-0.02,0.17,0,-0.09,0.02,0.11,0.04,0.02,0.02,0.06,0.02,0.06,0.06,0.03,0.02,0.02,0,0.03,0.08,0.03,0.02,0.03,0,0.05,0.41,0.22,0.37,0.24,0.66,0.11,0.21,0.42,0.26,0.11,0.88,0.09,0.03
1,0.094827586,0.094827586,0.00862069,0.017241379,0.043103448,0.068965517,0.103448276,0,0.094827586,0.068965517,0.043103448,0.025862069,0.025862069,0.034482759,0.068965517,0.086206897,0.051724138,0.025862069,0.00862069,0.034482759,0.301724138,0.086206897,0.267241379,0.025862069,0.318965517,0.02,0.39,-0.03,-0.03,0.19,0,0.05,0,-0.29,0.39,0.18,-0.01,-0.06,-0.1,0.1,-0.04,-0.1,0.12,0.01,0.11,0.06,0.03,-0.01,-0.01,0.05,0.03,-0.04,0,-0.14,0.07,0.03,-0.02,0,-0.03,-0.17,-0.02,0,0.03,0.01,0.01,0.15,0.19,-0.08,-0.14,0.16,0.07,-0.31,0,-0.83,0.19,0.15,-0.12,-0.01,-0.14,-0.85,0.05,0.06,0.07,0.02,-0.02,-0.05,-0.09,0.03,0.05,-0.11,0,-0.05,0,0.28,-0.12,-0.06,0.01,0,0.01,0.21,0.03,-0.02,-0.04,-0.03,-0.08,0.03,0.09,-0.01,-0.01,0.02,0.02,-0.01,0,-0.17,0.03,0.02,-0.01,-0.01,-0.02,-0.1,-0.01,-0.01,0.02,0,-0.01,0.17,0.24,-0.03,-0.06,0.12,-0.03,-0.33,0,-0.37,0.26,0.08,-0.09,-0.04,-0.12,-0.31,-0.07,-0.04,0.11,-0.01,-0.04,0.07,0.09,0.01,0.01,0.04,0.05,0.08,0,0.05,0.06,0.04,0.02,0.02,0.02,0.04,0.06,0.04,0.02,0.01,0.03,0.41,0.34,0.24,0.16,0.81,0.03,0.23,0.47,0.27,0.03,0.78,0.09,0.13
1,0.073684211,0.105263158,0.010526316,0.021052632,0.052631579,0.052631579,0.094736842,0.010526316,0.052631579,0.105263158,0.021052632,0.031578947,0.031578947,0.052631579,0.084210526,0.094736842,0.042105263,0.021052632,0.010526316,0.031578947,0.284210526,0.094736842,0.231578947,0.031578947,0.357894737,0.01,0.43,-0.03,-0.04,0.23,0,0.05,0.05,-0.16,0.6,0.09,-0.02,-0.07,-0.15,0.12,-0.05,-0.08,0.1,0.01,0.1,0.05,0.03,-0.01,-0.02,0.06,0.03,-0.04,0.01,-0.08,0.11,0.01,-0.02,0,-0.04,-0.21,-0.02,0,0.02,0.01,0.01,0.12,0.21,-0.1,-0.17,0.19,0.05,-0.28,0.03,-0.46,0.29,0.07,-0.15,-0.01,-0.22,-1.04,0.06,0.05,0.05,0.02,-0.02,-0.04,-0.11,0.03,0.06,-0.13,0,-0.05,-0.02,0.16,-0.19,-0.03,0.01,0,0.01,0.25,0.03,-0.02,-0.03,-0.04,-0.07,0.02,0.09,-0.01,-0.01,0.03,0.02,-0.01,0.01,-0.09,0.05,0.01,-0.02,-0.01,-0.04,-0.12,-0.01,-0.01,0.01,0,-0.01,0.13,0.26,-0.04,-0.07,0.15,-0.02,-0.3,0.05,-0.21,0.4,0.04,-0.11,-0.05,-0.18,-0.38,-0.08,-0.03,0.09,-0.01,-0.04,0.05,0.1,0.01,0.01,0.05,0.04,0.07,0.01,0.03,0.09,0.02,0.02,0.02,0.03,0.05,0.06,0.03,0.02,0.01,0.02,0.43,0.34,0.23,0.14,0.83,0.03,0.25,0.48,0.23,0.03,0.78,0.09,0.13
1,0.04109589,0.082191781,0.04109589,0.02739726,0.095890411,0.02739726,0.123287671,0.01369863,0.082191781,0.068493151,0.01369863,0.01369863,0.01369863,0.04109589,0.123287671,0.04109589,0.082191781,0.04109589,0.01369863,0.01369863,0.205479452,0.123287671,0.328767123,0.068493151,0.273972603,0.01,0.34,-0.13,-0.05,0.42,0,0.06,0.07,-0.25,0.39,0.06,-0.01,-0.03,-0.12,0.17,-0.02,-0.16,0.19,0.01,0.04,0.03,0.02,-0.04,-0.02,0.11,0.01,-0.05,0.02,-0.12,0.07,0.01,-0.01,0,-0.03,-0.31,-0.01,0,0.04,0.01,0,0.07,0.16,-0.38,-0.22,0.35,0.03,-0.37,0.04,-0.72,0.19,0.05,-0.07,0,-0.17,-1.52,0.02,0.1,0.11,0.03,-0.01,-0.02,-0.08,0.12,0.08,-0.24,0,-0.06,-0.02,0.25,-0.12,-0.02,0,0,0.01,0.37,0.01,-0.03,-0.06,-0.05,-0.03,0.01,0.07,-0.02,-0.02,0.05,0.01,-0.01,0.01,-0.15,0.03,0.01,-0.01,0,-0.03,-0.17,0,-0.02,0.02,0,-0.01,0.07,0.21,-0.14,-0.1,0.27,-0.01,-0.39,0.06,-0.32,0.26,0.03,-0.05,-0.02,-0.14,-0.55,-0.03,-0.06,0.17,-0.01,-0.02,0.03,0.07,0.03,0.02,0.08,0.02,0.1,0.01,0.04,0.06,0.01,0.01,0.01,0.03,0.08,0.03,0.06,0.04,0.01,0.01,0.38,0.32,0.3,0.21,0.73,0.07,0.19,0.41,0.33,0.07,0.74,0.12,0.14
1,0.05,0,0.055555556,0.05,0.061111111,0.038888889,0.044444444,0.066666667,0.088888889,0.088888889,0.027777778,0.038888889,0.061111111,0.033333333,0.055555556,0.061111111,0.061111111,0.066666667,0.011111111,0.038888889,0.338888889,0.111111111,0.188888889,0.105555556,0.255555556,0.01,0,-0.17,-0.09,0.27,0,0.02,0.32,-0.28,0.51,0.12,-0.02,-0.13,-0.09,0.08,-0.03,-0.12,0.31,0.01,0.12,0.03,0,-0.05,-0.04,0.07,0.02,-0.02,0.09,-0.13,0.09,0.02,-0.03,0.01,-0.03,-0.14,-0.01,0,0.07,0.01,0.01,0.08,0,-0.51,-0.41,0.23,0.04,-0.13,0.21,-0.78,0.25,0.09,-0.19,-0.01,-0.14,-0.68,0.04,0.07,0.17,0.02,-0.03,-0.02,0,0.17,0.15,-0.15,0,-0.02,-0.12,0.27,-0.16,-0.04,0.01,0,0.01,0.17,0.02,-0.02,-0.1,-0.04,-0.09,0.02,0,-0.03,-0.03,0.03,0.01,0,0.05,-0.16,0.04,0.01,-0.02,-0.02,-0.02,-0.08,-0.01,-0.01,0.04,0,-0.02,0.09,0,-0.19,-0.18,0.17,-0.02,-0.14,0.3,-0.35,0.34,0.05,-0.14,-0.1,-0.12,-0.25,-0.05,-0.04,0.28,-0.01,-0.05,0.04,0,0.03,0.03,0.05,0.03,0.03,0.06,0.05,0.08,0.02,0.02,0.04,0.02,0.04,0.04,0.04,0.06,0.01,0.03,0.41,0.24,0.35,0.14,0.75,0.11,0.23,0.47,0.19,0.11,0.78,0.11,0.11
1,0.046875,0,0.03125,0.09375,0.03125,0.015625,0.03125,0.0625,0.140625,0.109375,0.03125,0.0625,0.046875,0.015625,0.109375,0.078125,0.015625,0.015625,0.03125,0.03125,0.28125,0.09375,0.28125,0.125,0.21875,0.01,0,-0.1,-0.17,0.14,0,0.02,0.3,-0.44,0.62,0.13,-0.03,-0.1,-0.04,0.15,-0.04,-0.03,0.07,0.03,0.1,0.03,0,-0.03,-0.07,0.04,0.01,-0.01,0.09,-0.21,0.12,0.02,-0.05,0.01,-0.01,-0.28,-0.01,0,0.02,0.03,0.01,0.08,0,-0.29,-0.77,0.12,0.02,-0.09,0.19,-1.24,0.31,0.11,-0.3,-0.01,-0.06,-1.35,0.05,0.02,0.04,0.06,-0.02,-0.02,0,0.09,0.28,-0.08,0,-0.02,-0.11,0.42,-0.2,-0.04,0.01,0,0,0.33,0.02,-0.01,-0.02,-0.11,-0.07,0.01,0,-0.02,-0.07,0.02,0,0,0.04,-0.25,0.05,0.01,-0.03,-0.01,-0.01,-0.15,-0.01,0,0.01,0.01,-0.01,0.08,0,-0.11,-0.33,0.09,-0.01,-0.1,0.28,-0.55,0.42,0.06,-0.22,-0.08,-0.05,-0.49,-0.06,-0.01,0.07,-0.03,-0.04,0.03,0,0.02,0.06,0.03,0.01,0.02,0.06,0.07,0.09,0.03,0.04,0.03,0.01,0.07,0.05,0.01,0.01,0.03,0.02,0.36,0.16,0.48,0.25,0.62,0.12,0.2,0.39,0.28,0.12,0.83,0.09,0.08
1,0.017391304,0.110144928,0.005797101,0.069565217,0.057971014,0.046376812,0.107246377,0.034782609,0.07826087,0.055072464,0.011594203,0.037681159,0,0.057971014,0.060869565,0.07826087,0.075362319,0.014492754,0,0.08115942,0.179710145,0.139130435,0.246376812,0.075362319,0.35942029,0,0.45,-0.02,-0.13,0.26,0,0.05,0.17,-0.24,0.31,0.05,-0.02,0,-0.16,0.09,-0.04,-0.14,0.07,0,0.26,0.01,0.03,-0.01,-0.05,0.07,0.02,-0.04,0.05,-0.12,0.06,0.01,-0.03,0,-0.05,-0.15,-0.01,0,0.02,0,0.02,0.03,0.22,-0.05,-0.57,0.21,0.05,-0.32,0.11,-0.69,0.15,0.04,-0.18,0,-0.24,-0.75,0.05,0.09,0.04,0,-0.06,-0.01,-0.11,0.02,0.21,-0.14,0,-0.05,-0.06,0.23,-0.1,-0.02,0.01,0,0.01,0.18,0.02,-0.03,-0.02,0,-0.19,0.01,0.1,0,-0.05,0.03,0.01,-0.01,0.02,-0.14,0.03,0,-0.02,0,-0.04,-0.09,-0.01,-0.02,0.01,0,-0.03,0.03,0.28,-0.02,-0.24,0.16,-0.02,-0.34,0.16,-0.31,0.21,0.02,-0.13,0,-0.2,-0.27,-0.06,-0.05,0.06,0,-0.11,0.01,0.1,0,0.04,0.05,0.03,0.08,0.03,0.04,0.05,0.01,0.02,0,0.04,0.04,0.05,0.05,0.01,0,0.06,0.38,0.37,0.25,0.14,0.79,0.08,0.33,0.35,0.25,0.08,0.75,0.14,0.11
1,0,0.1,0.028571429,0.028571429,0.042857143,0.085714286,0.128571429,0.014285714,0.085714286,0.071428571,0,0.042857143,0,0.085714286,0.085714286,0.085714286,0.042857143,0.014285714,0.014285714,0.042857143,0.185714286,0.1,0.3,0.057142857,0.357142857,0,0.41,-0.09,-0.05,0.19,0,0.06,0.07,-0.27,0.41,0,-0.02,0,-0.24,0.12,-0.04,-0.08,0.07,0.01,0.14,0,0.03,-0.03,-0.02,0.05,0.04,-0.05,0.02,-0.13,0.08,0,-0.03,0,-0.07,-0.22,-0.02,0,0.02,0.01,0.01,0,0.2,-0.26,-0.23,0.16,0.09,-0.39,0.04,-0.75,0.2,0,-0.21,0,-0.35,-1.05,0.05,0.05,0.04,0.03,-0.03,0,-0.1,0.09,0.09,-0.11,0,-0.06,-0.03,0.26,-0.13,0,0.01,0,0.02,0.26,0.03,-0.02,-0.02,-0.05,-0.1,0,0.09,-0.02,-0.02,0.02,0.03,-0.01,0.01,-0.15,0.04,0,-0.02,0,-0.06,-0.12,-0.01,-0.01,0.01,0,-0.02,0,0.25,-0.1,-0.1,0.12,-0.03,-0.41,0.06,-0.33,0.27,0,-0.15,0,-0.3,-0.39,-0.07,-0.03,0.06,-0.01,-0.06,0,0.09,0.02,0.02,0.04,0.06,0.1,0.01,0.04,0.06,0,0.03,0,0.05,0.05,0.06,0.03,0.01,0.01,0.03,0.3,0.43,0.27,0.17,0.77,0.06,0.3,0.34,0.3,0.06,0.77,0.1,0.13
1,0.04375,0.09375,0.00625,0.04375,0.05,0.08125,0.09375,0.04375,0.06875,0.0625,0,0.025,0,0.08125,0.1,0.0875,0.0375,0.04375,0,0.0375,0.275,0.0875,0.2625,0.05,0.325,0.01,0.38,-0.02,-0.08,0.22,0,0.05,0.21,-0.21,0.36,0,-0.01,0,-0.23,0.14,-0.04,-0.07,0.21,0,0.12,0.03,0.03,-0.01,-0.03,0.06,0.04,-0.04,0.06,-0.1,0.07,0,-0.02,0,-0.07,-0.25,-0.02,0,0.05,0,0.01,0.07,0.19,-0.06,-0.36,0.19,0.08,-0.28,0.14,-0.61,0.18,0,-0.12,0,-0.33,-1.23,0.05,0.04,0.11,0,-0.03,-0.02,-0.09,0.02,0.13,-0.12,0,-0.05,-0.08,0.21,-0.11,0,0.01,0,0.02,0.3,0.03,-0.02,-0.07,0,-0.09,0.01,0.08,0,-0.03,0.02,0.02,-0.01,0.03,-0.12,0.03,0,-0.01,0,-0.06,-0.14,-0.01,-0.01,0.03,0,-0.02,0.08,0.23,-0.02,-0.15,0.14,-0.03,-0.3,0.2,-0.27,0.24,0,-0.09,0,-0.28,-0.45,-0.07,-0.03,0.18,0,-0.05,0.03,0.09,0,0.03,0.04,0.06,0.07,0.04,0.04,0.05,0,0.02,0,0.05,0.06,0.06,0.03,0.04,0,0.03,0.38,0.38,0.24,0.17,0.78,0.05,0.27,0.42,0.26,0.05,0.82,0.09,0.09
1,0.043478261,0.094202899,0,0.065217391,0.050724638,0.050724638,0.094202899,0.043478261,0.094202899,0.079710145,0,0.028985507,0,0.072463768,0.094202899,0.101449275,0.02173913,0.028985507,0,0.036231884,0.246376812,0.086956522,0.282608696,0.065217391,0.31884058,0.01,0.39,0,-0.12,0.22,0,0.05,0.21,-0.29,0.45,0,-0.01,0,-0.2,0.13,-0.05,-0.04,0.14,0,0.12,0.03,0.03,0,-0.05,0.06,0.02,-0.04,0.06,-0.14,0.08,0,-0.02,0,-0.06,-0.24,-0.02,0,0.03,0,0.01,0.07,0.19,0,-0.53,0.19,0.05,-0.28,0.13,-0.83,0.22,0,-0.14,0,-0.3,-1.16,0.06,0.03,0.08,0,-0.03,-0.02,-0.09,0,0.2,-0.13,0,-0.05,-0.08,0.28,-0.14,0,0.01,0,0.01,0.28,0.03,-0.01,-0.04,0,-0.08,0.01,0.08,0,-0.05,0.03,0.02,-0.01,0.03,-0.17,0.04,0,-0.01,0,-0.05,-0.13,-0.01,0,0.02,0,-0.01,0.08,0.24,0,-0.23,0.14,-0.02,-0.3,0.2,-0.37,0.3,0,-0.1,0,-0.25,-0.42,-0.08,-0.02,0.12,0,-0.05,0.03,0.09,0,0.04,0.04,0.04,0.07,0.04,0.05,0.07,0,0.02,0,0.04,0.06,0.07,0.02,0.02,0,0.03,0.38,0.34,0.28,0.19,0.75,0.07,0.26,0.39,0.28,0.07,0.82,0.09,0.09
1,0.047169811,0.08490566,0.009433962,0.047169811,0.056603774,0.037735849,0.122641509,0.028301887,0.066037736,0.075471698,0,0.018867925,0.075471698,0.028301887,0.169811321,0.056603774,0.028301887,0.028301887,0,0.018867925,0.216981132,0.075471698,0.358490566,0.056603774,0.29245283,0.01,0.35,-0.03,-0.08,0.25,0,0.06,0.14,-0.2,0.43,0,-0.01,-0.17,-0.08,0.24,-0.03,-0.05,0.13,0,0.06,0.03,0.02,-0.01,-0.03,0.07,0.02,-0.05,0.04,-0.1,0.08,0,-0.01,0.01,-0.02,-0.43,-0.01,0,0.03,0,0,0.08,0.17,-0.09,-0.39,0.21,0.04,-0.37,0.09,-0.58,0.21,0,-0.09,-0.02,-0.12,-2.09,0.03,0.03,0.07,0,-0.01,-0.02,-0.08,0.03,0.14,-0.14,0,-0.06,-0.05,0.2,-0.14,0,0,0,0.01,0.51,0.02,-0.01,-0.04,0,-0.04,0.01,0.08,-0.01,-0.03,0.03,0.01,-0.01,0.02,-0.12,0.04,0,-0.01,-0.02,-0.02,-0.24,-0.01,-0.01,0.02,0,-0.01,0.08,0.21,-0.03,-0.17,0.16,-0.02,-0.39,0.13,-0.26,0.29,0,-0.07,-0.12,-0.1,-0.76,-0.05,-0.02,0.12,0,-0.02,0.03,0.08,0.01,0.03,0.05,0.03,0.1,0.02,0.03,0.06,0,0.01,0.05,0.02,0.11,0.04,0.02,0.02,0,0.01,0.34,0.27,0.39,0.24,0.71,0.06,0.15,0.43,0.36,0.06,0.73,0.08,0.2
1,0.043478261,0.086956522,0.008695652,0.043478261,0.069565217,0.060869565,0.130434783,0.060869565,0.07826087,0.052173913,0,0.043478261,0,0.086956522,0.086956522,0.069565217,0.043478261,0,0,0.034782609,0.217391304,0.104347826,0.295652174,0.052173913,0.330434783,0.01,0.36,-0.03,-0.08,0.31,0,0.07,0.29,-0.24,0.3,0,-0.02,0,-0.24,0.12,-0.03,-0.08,0,0,0.11,0.03,0.03,-0.01,-0.03,0.08,0.03,-0.05,0.08,-0.12,0.06,0,-0.03,0,-0.07,-0.22,-0.01,0,0,0,0.01,0.07,0.17,-0.08,-0.36,0.26,0.06,-0.39,0.19,-0.69,0.15,0,-0.21,0,-0.36,-1.07,0.04,0.05,0,0,-0.02,-0.02,-0.09,0.03,0.13,-0.17,0,-0.07,-0.11,0.23,-0.09,0,0.01,0,0.02,0.26,0.02,-0.02,0,0,-0.08,0.01,0.08,-0.01,-0.03,0.03,0.02,-0.01,0.04,-0.14,0.03,0,-0.02,0,-0.06,-0.12,-0.01,-0.01,0,0,-0.01,0.08,0.22,-0.03,-0.15,0.19,-0.02,-0.42,0.27,-0.31,0.2,0,-0.15,0,-0.3,-0.39,-0.06,-0.03,0,0,-0.05,0.03,0.08,0.01,0.03,0.06,0.04,0.1,0.05,0.04,0.04,0,0.03,0,0.05,0.06,0.05,0.03,0,0,0.03,0.35,0.39,0.26,0.17,0.78,0.05,0.28,0.37,0.3,0.05,0.77,0.1,0.13
1,0.086956522,0.094202899,0.02173913,0.02173913,0.079710145,0.050724638,0.130434783,0.014492754,0.028985507,0.086956522,0.007246377,0.02173913,0.043478261,0.02173913,0.123188406,0.086956522,0.028985507,0.028985507,0,0.02173913,0.275362319,0.101449275,0.282608696,0.043478261,0.297101449,0.02,0.39,-0.07,-0.04,0.35,0,0.07,0.07,-0.09,0.5,0.03,-0.01,-0.1,-0.06,0.17,-0.04,-0.06,0.14,0,0.07,0.05,0.03,-0.02,-0.02,0.09,0.02,-0.05,0.02,-0.04,0.09,0,-0.02,0.01,-0.02,-0.31,-0.02,0,0.03,0,0.01,0.14,0.19,-0.2,-0.18,0.29,0.05,-0.39,0.04,-0.26,0.24,0.02,-0.1,-0.01,-0.09,-1.52,0.05,0.03,0.08,0,-0.02,-0.04,-0.09,0.07,0.07,-0.2,0,-0.07,-0.03,0.09,-0.16,-0.01,0,0,0,0.37,0.03,-0.01,-0.04,0,-0.05,0.03,0.08,-0.01,-0.02,0.04,0.02,-0.01,0.01,-0.05,0.04,0,-0.01,-0.01,-0.02,-0.17,-0.01,-0.01,0.02,0,-0.01,0.16,0.24,-0.08,-0.08,0.22,-0.02,-0.42,0.07,-0.11,0.33,0.01,-0.08,-0.07,-0.08,-0.55,-0.07,-0.02,0.12,0,-0.03,0.06,0.09,0.01,0.01,0.07,0.04,0.1,0.01,0.02,0.07,0.01,0.01,0.03,0.01,0.08,0.06,0.02,0.02,0,0.02,0.42,0.32,0.26,0.15,0.8,0.04,0.18,0.49,0.28,0.04,0.72,0.1,0.17
1,0.06626506,0.048192771,0.042168675,0.120481928,0,0.024096386,0.024096386,0.030120482,0.054216867,0.126506024,0.042168675,0.018072289,0.036144578,0.072289157,0.198795181,0.030120482,0.024096386,0.024096386,0.006024096,0.012048193,0.313253012,0.018072289,0.277108434,0.162650602,0.228915663,0.01,0.2,-0.13,-0.21,0,0,0.01,0.14,-0.17,0.71,0.18,-0.01,-0.08,-0.2,0.27,-0.01,-0.05,0.11,0.01,0.04,0.04,0.01,-0.04,-0.09,0,0.01,-0.01,0.04,-0.08,0.13,0.03,-0.01,0,-0.06,-0.5,-0.01,0,0.03,0,0,0.1,0.1,-0.38,-0.98,0,0.02,-0.07,0.09,-0.47,0.35,0.14,-0.09,-0.01,-0.29,-2.42,0.02,0.03,0.06,0.01,-0.01,-0.03,-0.05,0.12,0.36,0,0,-0.01,-0.05,0.16,-0.22,-0.05,0,0,0.01,0.59,0.01,-0.01,-0.04,-0.02,-0.03,0.02,0.04,-0.02,-0.08,0,0.01,0,0.02,-0.1,0.06,0.02,-0.01,-0.01,-0.05,-0.27,0,0,0.01,0,0,0.12,0.12,-0.15,-0.42,0,-0.01,-0.08,0.13,-0.21,0.48,0.08,-0.06,-0.06,-0.25,-0.88,-0.02,-0.02,0.1,-0.01,-0.02,0.05,0.04,0.03,0.07,0,0.02,0.02,0.03,0.03,0.11,0.04,0.01,0.02,0.04,0.13,0.02,0.02,0.02,0.01,0.01,0.35,0.17,0.46,0.25,0.58,0.16,0.15,0.4,0.27,0.16,0.91,0.02,0.06
1,0.052173913,0.086956522,0.014492754,0.08115942,0.057971014,0.092753623,0.095652174,0.057971014,0.089855072,0.046376812,0.005797101,0.020289855,0,0.055072464,0.060869565,0.101449275,0.023188406,0.011594203,0,0.046376812,0.266666667,0.104347826,0.246376812,0.095652174,0.286956522,0.01,0.36,-0.04,-0.15,0.26,0,0.05,0.28,-0.28,0.26,0.02,-0.01,0,-0.15,0.09,-0.05,-0.04,0.05,0,0.15,0.03,0.03,-0.01,-0.06,0.07,0.04,-0.04,0.08,-0.13,0.05,0,-0.02,0,-0.05,-0.15,-0.02,0,0.01,0,0.01,0.08,0.17,-0.13,-0.67,0.21,0.09,-0.29,0.18,-0.79,0.13,0.02,-0.1,0,-0.23,-0.75,0.06,0.03,0.03,0,-0.03,-0.03,-0.09,0.04,0.24,-0.14,0,-0.05,-0.1,0.27,-0.08,-0.01,0,0,0.01,0.18,0.03,-0.01,-0.02,0,-0.11,0.02,0.08,-0.01,-0.06,0.03,0.03,-0.01,0.04,-0.16,0.02,0,-0.01,0,-0.04,-0.09,-0.01,0,0.01,0,-0.02,0.09,0.22,-0.05,-0.28,0.16,-0.04,-0.31,0.26,-0.35,0.18,0.01,-0.07,0,-0.19,-0.27,-0.08,-0.02,0.05,0,-0.06,0.04,0.08,0.01,0.05,0.05,0.07,0.07,0.05,0.05,0.04,0,0.01,0,0.03,0.04,0.07,0.02,0.01,0,0.04,0.37,0.37,0.27,0.15,0.75,0.1,0.25,0.41,0.25,0.1,0.8,0.1,0.1
